700 0 1 0           
30 Autodesk Translation Framework 20 ASM 232.3.0.65535 NT 24 Mon May 25 19:41:33 2026 
1 9.999999999999999547e-07 1.000000000000000036e-10 
body $1 -1 $-1 $2 $-1 $-1 #
rgb_color-st-attrib $-1 -1 $3 $-1 $0 1 0.9843137254901960231 0.9411764705882352811 #
lump $-1 -1 $-1 $-1 $4 $0 #
ATTRIB_CUSTOM-attrib $-1 -1 $-1 $1 $0 @20 Timestamp_attrib_def 1 1779739471199144 #
shell $-1 -1 $-1 $-1 $-1 $5 $-1 $2 #
face $6 -1 $-1 $7 $8 $4 $-1 $9 forward single #
DXID-attrib $-1 -1 $-1 $-1 $5 @10 ASM ENTITY @1 0 #
face $10 -1 $-1 $11 $12 $4 $-1 $13 forward single #
loop $-1 -1 $-1 $14 $15 $5 #
torus-surface $-1 -1 $-1 6.838973831690964289e-14 -385 0 1.806453002719559958e-16 -1 0 35 15 0 0 -1 forward_v I I I I #
DXID-attrib $-1 -1 $-1 $-1 $7 @10 ASM ENTITY @1 1 #
face $16 -1 $-1 $17 $18 $4 $-1 $19 forward single #
loop $-1 -1 $-1 $20 $21 $7 #
cone-surface $-1 -1 $-1 2.958228394578790417e-30 -4.440892098500630106e-15 0 1.776356839400250563e-16 -1 0 50 8.881784197001252323e-15 0 1 I I 0 1 50 forward I I I I #
loop $-1 -1 $-1 $-1 $22 $5 #
coedge $-1 -1 $-1 $15 $15 $23 $24 forward $8 $-1 #
DXID-attrib $-1 -1 $-1 $-1 $11 @10 ASM ENTITY @1 2 #
face $25 -1 $-1 $26 $27 $4 $-1 $28 reversed single #
loop $-1 -1 $-1 $29 $30 $11 #
plane-surface $-1 -1 $-1 7.105427357601001859e-14 -400 0 1.806453002719559958e-16 -1 0 0 0 -1 forward_v I I I I #
loop $-1 -1 $-1 $31 $32 $7 #
coedge $-1 -1 $-1 $21 $21 $33 $34 forward $12 $-1 #
coedge $-1 -1 $-1 $22 $22 $35 $36 forward $14 $-1 #
coedge $-1 -1 $-1 $23 $23 $15 $24 reversed $31 $-1 #
edge $-1 -1 $-1 $37 -3.141592653589793116 $37 3.141592653589793116 $23 $38 forward @7 tangent #
DXID-attrib $-1 -1 $-1 $-1 $17 @10 ASM ENTITY @1 3 #
face $39 -1 $-1 $40 $41 $4 $-1 $42 forward single #
loop $-1 -1 $-1 $43 $44 $17 #
cone-surface $-1 -1 $-1 0.7268180675346691544 -399.9999999999999432 0.3551903513660725764 1.268826313857321567e-17 1 -3.172065784643303917e-18 12.62199857467674136 -1.646092636873479875e-16 -1.405401003578090835 1 I I 0 1 12.69999999999999929 forward I I I I #
loop $-1 -1 $-1 $-1 $35 $11 #
coedge $-1 -1 $-1 $30 $30 $45 $46 forward $18 $-1 #
loop $-1 -1 $-1 $-1 $23 $7 #
coedge $-1 -1 $-1 $47 $48 $49 $50 forward $20 $-1 #
coedge $-1 -1 $-1 $33 $33 $21 $34 reversed $51 $-1 #
edge $52 -1 $-1 $53 -3.141592653589793116 $53 3.141592653589793116 $33 $54 forward @7 unknown #
coedge $-1 -1 $-1 $35 $35 $22 $36 reversed $29 $-1 #
edge $-1 -1 $-1 $55 -3.141592653589793116 $55 3.141592653589793116 $35 $56 forward @7 tangent #
vertex $-1 -1 $-1 $24 $57 #
ellipse-curve $-1 -1 $-1 6.838973831690964289e-14 -385 0 1.806453002719559958e-16 -1 0 50 8.881784197001252323e-15 0 1 I I #
DXID-attrib $-1 -1 $-1 $-1 $26 @10 ASM ENTITY @1 4 #
face $58 -1 $-1 $59 $60 $4 $-1 $61 reversed single #
loop $-1 -1 $-1 $-1 $62 $26 #
plane-surface $-1 -1 $-1 0.7268180675346713748 -224.9999999999998863 0.3551903513660720213 -8.239936510889832158e-18 -1 3.469446951953613418e-18 9.938581554863576528 -6.349373127352501891e-17 -1.106614963447315914 forward_v I I I I #
loop $-1 -1 $-1 $-1 $45 $17 #
coedge $-1 -1 $-1 $44 $44 $62 $63 forward $27 $-1 #
coedge $64 -1 $-1 $45 $45 $30 $46 reversed $43 $-1 #
edge $65 -1 $-1 $66 -3.141592653589793116 $66 3.141592653589793116 $30 $67 forward @7 unknown #
coedge $-1 -1 $-1 $68 $32 $69 $70 forward $20 $-1 #
coedge $-1 -1 $-1 $32 $68 $71 $72 forward $20 $-1 #
coedge $-1 -1 $-1 $73 $74 $32 $50 reversed $75 $-1 #
edge $-1 -1 $-1 $76 -1.468703439841772207 $77 -1.441739865213730543 $32 $78 forward @7 unknown #
loop $-1 -1 $-1 $-1 $33 $79 #
DXID-attrib $-1 -1 $-1 $-1 $34 @10 ASM ENTITY @2 56 #
vertex $-1 -1 $-1 $34 $80 #
ellipse-curve $-1 -1 $-1 2.958228394578790417e-30 -4.440892098500630106e-15 0 1.806453002719559958e-16 -1 0 50 9.032265013597800184e-15 0 1 I I #
vertex $-1 -1 $-1 $36 $81 #
ellipse-curve $-1 -1 $-1 7.109941782098899367e-14 -400 0 -1.806453002719559958e-16 1 0 35 6.322585509518459655e-15 0 1 I I #
point $-1 -1 $-1 -49.99999999999992895 -385 -6.123233995736766085e-15 #
DXID-attrib $-1 -1 $-1 $-1 $40 @10 ASM ENTITY @1 5 #
face $82 -1 $-1 $83 $84 $4 $-1 $85 reversed single #
loop $-1 -1 $-1 $86 $87 $40 #
cone-surface $-1 -1 $-1 -79.08564633130431787 -203.481776196845658 6.962046483997728075 0.9932631197325116901 -0.03703436001921369541 -0.1098036026604109483 0.03791303919753650359 1.098997074448086586 -0.02771338689767845198 1 I I 0 1 1.099999999999994538 forward I I I I #
coedge $-1 -1 $-1 $62 $62 $44 $63 reversed $41 $-1 #
edge $88 -1 $-1 $89 -3.141592653589793116 $89 3.141592653589793116 $44 $90 forward @7 unknown #
ATTRIB_CUSTOM-attrib $-1 -1 $-1 $-1 $45 @17 sketch_attrib_def 1 1 3 @13 148 0 0 0 1 1 #
DXID-attrib $-1 -1 $-1 $-1 $46 @10 ASM ENTITY @2 61 #
vertex $-1 -1 $-1 $46 $91 #
ellipse-curve $-1 -1 $-1 0.7268180675346691544 -400 0.3551903513660725764 -1.806453002719559958e-16 1 0 12.62199857467674136 -1.646092636873479875e-16 -1.405401003578090835 1 I I #
coedge $-1 -1 $-1 $48 $47 $92 $93 forward $20 $-1 #
coedge $-1 -1 $-1 $94 $95 $47 $70 reversed $96 $-1 #
edge $-1 -1 $-1 $77 -2.750325879844098598 $97 -2.469451066058020672 $47 $98 forward @7 unknown #
coedge $-1 -1 $-1 $99 $100 $48 $72 reversed $101 $-1 #
edge $-1 -1 $-1 $102 2.442302860713089885 $76 2.723362305216057155 $48 $103 forward @7 unknown #
coedge $-1 -1 $-1 $104 $49 $100 $105 forward $75 $-1 #
coedge $-1 -1 $-1 $49 $104 $94 $106 reversed $75 $-1 #
loop $-1 -1 $-1 $-1 $49 $107 #
vertex $-1 -1 $-1 $50 $108 #
vertex $-1 -1 $-1 $50 $109 #
ellipse-curve $-1 -1 $-1 -7.075973839688645062e-15 39.83419143463145673 0 0.1106365323957934355 0.02123972439695222952 0.9936339526238906483 5.533074817237002563 -2353.54845694742653 49.69290777431788086 0.02123972439695220871 I I #
face $110 -1 $-1 $111 $112 $4 $-1 $113 forward single #
point $-1 -1 $-1 -50 -1.332267629550190215e-14 -6.123233995736770029e-15 #
point $-1 -1 $-1 -34.99999999999992895 -400 4.286263797015736496e-15 #
DXID-attrib $-1 -1 $-1 $-1 $59 @10 ASM ENTITY @1 6 #
face $114 -1 $-1 $115 $116 $4 $-1 $117 reversed single #
loop $-1 -1 $-1 $-1 $118 $59 #
plane-surface $-1 -1 $-1 -34.38880594334129626 -205.1483223977103307 2.020884364279234013 0.9932631197325116901 -0.03703436001921337623 -0.1098036026604109205 0.3446639927048760765 9.990882494982656681 -0.2519398808879868557 forward_v I I I I #
loop $-1 -1 $-1 $-1 $119 $40 #
coedge $-1 -1 $-1 $87 $87 $120 $121 reversed $60 $-1 #
DXID-attrib $-1 -1 $-1 $-1 $63 @10 ASM ENTITY @2 62 #
vertex $-1 -1 $-1 $63 $122 #
ellipse-curve $-1 -1 $-1 0.7268180675346713748 -224.9999999999998863 0.3551903513660720213 8.239936510889832158e-18 1 -3.469446951953613418e-18 12.62199857467674136 -1.312909642158995581e-16 -1.405401003578090835 1 I I #
point $-1 -1 $-1 -11.89518050714207575 -399.9999999999998863 1.760591354944160969 #
coedge $-1 -1 $-1 $123 $124 $68 $93 reversed $125 $-1 #
edge $-1 -1 $-1 $97 1.722614678999808469 $102 1.749762884344739255 $68 $126 forward @7 unknown #
coedge $-1 -1 $-1 $127 $69 $74 $106 forward $96 $-1 #
coedge $-1 -1 $-1 $69 $127 $123 $128 reversed $96 $-1 #
loop $-1 -1 $-1 $-1 $69 $129 #
vertex $-1 -1 $-1 $70 $130 #
ellipse-curve $-1 -1 $-1 4.70804018521403201e-14 -265.03910029719043 0 -0.03446639927048800178 -0.9990882494982656903 0.02519398808879873969 40.36564815291473707 -2.136584836586438829 -29.50617645841444414 0.9990882494982656903 I I #
coedge $-1 -1 $-1 $131 $71 $124 $132 forward $101 $-1 #
coedge $-1 -1 $-1 $71 $131 $73 $105 reversed $101 $-1 #
loop $-1 -1 $-1 $-1 $71 $133 #
vertex $-1 -1 $-1 $93 $134 #
ellipse-curve $-1 -1 $-1 3.587914100872469206e-14 -201.9816075965825064 0 0.03446639927048800178 0.9990882494982656903 -0.02519398808879873969 40.36564815291473707 -2.136584836586438829 -29.50617645841444414 0.9990882494982656903 I I #
coedge $-1 -1 $-1 $74 $73 $135 $136 forward $75 $-1 #
edge $-1 -1 $-1 $76 2.948794288065789804 $137 4 $100 $138 forward @7 unknown #
edge $-1 -1 $-1 $77 3.19788074938284117 $139 4 $94 $140 forward @7 unknown #
face $141 -1 $-1 $129 $75 $4 $-1 $142 reversed single #
point $-1 -1 $-1 -48.87025230760723815 -200.0291769211429198 10.56874824143360314 #
point $-1 -1 $-1 -48.5675515051389084 -263.0639842163769799 11.88246358276245651 #
DXID-attrib $-1 -1 $-1 $-1 $79 @10 ASM ENTITY @2 18 #
face $143 -1 $-1 $144 $145 $4 $-1 $146 reversed single #
loop $-1 -1 $-1 $51 $147 $79 #
cone-surface $-1 -1 $-1 -7.169138100482770175e-15 39.68626966596890071 0 1.806453002719559958e-16 -1 0 45 8.129038512238019219e-15 0 1 I I 0.1249999999999996114 0.9921567416492215186 45 forward I I I I #
DXID-attrib $-1 -1 $-1 $-1 $83 @10 ASM ENTITY @1 7 #
face $148 -1 $-1 $149 $150 $4 $-1 $151 reversed single #
loop $-1 -1 $-1 $152 $153 $83 #
cone-surface $-1 -1 $-1 -79.30278464670837479 -209.7760321686847362 7.120768608957153134 0.9932631197325116901 -0.03703436001921369541 -0.1098036026604109483 0.03791303919753650359 1.098997074448086586 -0.02771338689767845198 1 I I 0 1 1.099999999999994538 forward I I I I #
coedge $-1 -1 $-1 $118 $118 $119 $154 reversed $84 $-1 #
coedge $-1 -1 $-1 $119 $119 $118 $154 forward $86 $-1 #
coedge $-1 -1 $-1 $120 $120 $87 $121 forward $155 $-1 #
edge $-1 -1 $-1 $156 -3.14159265358979356 $156 3.141592653589792672 $120 $157 forward @7 unknown #
point $-1 -1 $-1 -11.89518050714207398 -224.9999999999998295 1.760591354944160525 #
coedge $-1 -1 $-1 $158 $92 $95 $128 forward $125 $-1 #
coedge $-1 -1 $-1 $92 $158 $99 $132 reversed $125 $-1 #
loop $-1 -1 $-1 $-1 $92 $159 #
ellipse-curve $-1 -1 $-1 1.100112128244289008e-13 -619.3080713533428252 0 -0.1106365323957934355 -0.02123972439695222952 -0.9936339526238906483 5.533074817237002563 -2353.54845694742653 49.69290777431788086 0.02123972439695220871 I I #
coedge $-1 -1 $-1 $95 $94 $160 $161 forward $96 $-1 #
edge $-1 -1 $-1 $97 3.213821964230880734 $162 4 $95 $163 forward @7 unknown #
face $164 -1 $-1 $165 $96 $4 $-1 $166 reversed single #
point $-1 -1 $-1 -49.95812475075710779 -263.3672440848325778 -2.045915782183003184 #
coedge $-1 -1 $-1 $100 $99 $167 $168 forward $101 $-1 #
edge $-1 -1 $-1 $102 3.002655564409379529 $169 4 $124 $170 forward @7 unknown #
face $171 -1 $-1 $107 $101 $4 $-1 $172 reversed single #
point $-1 -1 $-1 -49.88417956741025705 -200.3464802416922907 -3.401268717165027766 #
coedge $-1 -1 $-1 $167 $160 $104 $136 reversed $173 $-1 #
edge $-1 -1 $-1 $137 0 $139 6.300000000000000711 $104 $174 forward @7 unknown #
vertex $-1 -1 $-1 $168 $175 #
straight-curve $-1 -1 $-1 -78.15953844774361414 -198.9371098282746004 13.8066306047742593 9.932631197325116901 -0.3703436001921378562 -1.098036026604109594 I I #
vertex $-1 -1 $-1 $136 $176 #
straight-curve $-1 -1 $-1 -80.33092160178433971 -261.8796695466654114 15.39385185436856318 9.932631197325116901 -0.3703436001921378562 -1.098036026604109594 I I #
DXID-attrib $-1 -1 $-1 $-1 $107 @10 ASM ENTITY @2 13 #
plane-surface $-1 -1 $-1 -78.15953844774361414 -198.9371098282746004 13.8066306047742593 0.1106365323957934355 0.02123972439695222952 0.9936339526238906483 -0.344663992704876021 -9.990882494982656681 0.2519398808879868557 forward_v I I I I #
DXID-attrib $-1 -1 $-1 $-1 $111 @10 ASM ENTITY @2 19 #
face $177 -1 $-1 $178 $179 $4 $-1 $180 reversed single #
loop $-1 -1 $-1 $181 $182 $111 #
torus-surface $-1 -1 $-1 -1.433827620096549933e-14 79.37253933193770195 0 1.806453002719559958e-16 -1 0 37.98418947728409734 0.5 1 1.806453002719559958e-16 0 forward_v I I I I #
coedge $-1 -1 $-1 $147 $147 $183 $184 reversed $112 $-1 #
DXID-attrib $-1 -1 $-1 $-1 $115 @10 ASM ENTITY @1 8 #
face $185 -1 $-1 $186 $187 $4 $-1 $188 reversed single #
loop $-1 -1 $-1 $-1 $189 $115 #
plane-surface $-1 -1 $-1 -34.60594425874535318 -211.4425783695493521 2.179606489238659961 0.9932631197325116901 -0.03703436001921337623 -0.1098036026604109205 0.3446639927048760765 9.990882494982656681 -0.2519398808879868557 forward_v I I I I #
loop $-1 -1 $-1 $-1 $190 $83 #
coedge $-1 -1 $-1 $153 $153 $191 $192 reversed $116 $-1 #
edge $193 -1 $-1 $194 -3.141592653589793116 $194 3.141592653589793116 $119 $195 forward @7 unknown #
loop $-1 -1 $-1 $196 $120 $165 #
vertex $-1 -1 $-1 $121 $197 #
ellipse-curve $-1 -1 $-1 -39.35512154200382184 -204.9631505976142307 2.569902377581287478 0.9932631197325116901 -0.03703436001921378562 -0.1098036026604109483 0.03791303919753650359 1.098997074448086586 -0.02771338689767845198 1 I I #
coedge $-1 -1 $-1 $124 $123 $198 $199 forward $125 $-1 #
face $200 -1 $-1 $133 $125 $4 $-1 $201 reversed single #
coedge $-1 -1 $-1 $135 $198 $127 $161 reversed $173 $-1 #
edge $-1 -1 $-1 $139 0 $162 1.400000000000000355 $127 $202 forward @7 unknown #
vertex $-1 -1 $-1 $128 $203 #
straight-curve $-1 -1 $-1 -81.87983305532543454 -262.1770256882227272 1.48297651763408922 9.932631197325116901 -0.3703436001921378562 -1.098036026604109594 I I #
DXID-attrib $-1 -1 $-1 $-1 $129 @10 ASM ENTITY @2 14 #
face $204 -1 $-1 $205 $155 $4 $-1 $206 reversed single #
plane-surface $-1 -1 $-1 -80.33092160178433971 -261.8796695466654114 15.39385185436856318 -0.03446639927048800178 -0.9990882494982656903 0.02519398808879873969 -1.106365323957934299 -0.2123972439695223369 -9.936339526238906927 forward_v I I I I #
coedge $-1 -1 $-1 $198 $135 $131 $168 reversed $173 $-1 #
edge $-1 -1 $-1 $169 0 $137 1.400000000000000355 $131 $207 forward @7 unknown #
vertex $-1 -1 $-1 $199 $208 #
straight-curve $-1 -1 $-1 -79.70844990128472318 -199.2344659698319447 -0.1042447319602324285 9.932631197325116901 -0.3703436001921378562 -1.098036026604109594 I I #
DXID-attrib $-1 -1 $-1 $-1 $133 @10 ASM ENTITY @2 12 #
plane-surface $-1 -1 $-1 -79.70844990128472318 -199.2344659698319447 -0.1042447319602324285 0.03446639927048800178 0.9990882494982656903 -0.02519398808879873969 1.106365323957934299 0.2123972439695223369 9.936339526238906927 forward_v I I I I #
loop $-1 -1 $-1 $-1 $160 $165 #
straight-curve $-1 -1 $-1 -38.42901365844313943 -200.4184842290431448 9.414486498357819144 -0.344663992704876021 -9.990882494982656681 0.2519398808879868557 I I #
point $-1 -1 $-1 -38.42901365844313943 -200.4184842290431448 9.414486498357820921 #
point $-1 -1 $-1 -40.60039681248387211 -263.3610439474339273 11.00170774795212481 #
DXID-attrib $-1 -1 $-1 $-1 $144 @10 ASM ENTITY @2 20 #
face $209 -1 $-1 $210 $211 $4 $-1 $212 reversed single #
loop $-1 -1 $-1 $213 $214 $144 #
cone-surface $-1 -1 $-1 -7.123976775414779944e-15 39.43626966596890071 0 1.806453002719559958e-16 -1 0 43.01568651670159937 7.770581607213889072e-15 0 1 I I 0.1249999999999996114 0.9921567416492215186 43.01568651670159937 forward I I I I #
loop $-1 -1 $-1 $-1 $215 $111 #
coedge $-1 -1 $-1 $182 $182 $216 $217 forward $145 $-1 #
coedge $-1 -1 $-1 $183 $183 $147 $184 forward $218 $-1 #
edge $-1 -1 $-1 $219 -6.283185307179586232 $219 -2.449293598294701977e-16 $183 $220 forward @7 unknown #
DXID-attrib $-1 -1 $-1 $-1 $149 @10 ASM ENTITY @1 9 #
face $221 -1 $-1 $159 $222 $4 $-1 $223 reversed single #
loop $-1 -1 $-1 $224 $225 $149 #
cone-surface $-1 -1 $-1 -79.51992296211246014 -216.0702881405238429 7.279490733916578193 0.9932631197325116901 -0.03703436001921369541 -0.1098036026604109483 0.03791303919753650359 1.098997074448086586 -0.02771338689767845198 1 I I 0 1 1.099999999999994538 forward I I I I #
coedge $-1 -1 $-1 $189 $189 $190 $226 reversed $150 $-1 #
coedge $-1 -1 $-1 $190 $190 $189 $226 forward $152 $-1 #
coedge $-1 -1 $-1 $191 $191 $153 $192 forward $196 $-1 #
edge $-1 -1 $-1 $227 -3.14159265358979356 $227 3.141592653589792672 $191 $228 forward @7 unknown #
DXID-attrib $-1 -1 $-1 $-1 $154 @10 ASM ENTITY @2 64 #
vertex $-1 -1 $-1 $154 $229 #
ellipse-curve $-1 -1 $-1 -34.38880594334129626 -205.1483223977103307 2.020884364279234013 0.9932631197325116901 -0.03703436001921337623 -0.1098036026604109205 0.03791303919753617052 1.098997074448086586 -0.02771338689767841382 1 I I #
loop $-1 -1 $-1 $230 $191 $165 #
point $-1 -1 $-1 -39.39303458120135559 -206.0621476720622809 2.597615764478966138 #
coedge $-1 -1 $-1 $160 $167 $158 $199 reversed $173 $-1 #
edge $-1 -1 $-1 $162 0 $169 6.300000000000000711 $158 $231 forward @7 unknown #
DXID-attrib $-1 -1 $-1 $-1 $159 @10 ASM ENTITY @2 11 #
plane-surface $-1 -1 $-1 -81.87983305532543454 -262.1770256882227272 1.48297651763408922 -0.1106365323957934355 -0.02123972439695222952 -0.9936339526238906483 0.344663992704876021 9.990882494982656681 -0.2519398808879868557 forward_v I I I I #
straight-curve $-1 -1 $-1 -40.60039681248387211 -263.3610439474339273 11.00170774795212303 -1.106365323957934299 -0.2123972439695223091 -9.936339526238905151 I I #
point $-1 -1 $-1 -42.14930826602497405 -263.6584000889912431 -2.909167588782348712 #
DXID-attrib $-1 -1 $-1 $-1 $165 @10 ASM ENTITY @2 15 #
face $232 -1 $-1 $233 $218 $4 $-1 $234 reversed single #
plane-surface $-1 -1 $-1 -40.28916096223404963 -232.0384421590172224 3.252659454787716342 0.9932631197325116901 -0.03703436001921378562 -0.1098036026604109483 -1.09878980433651563 0 -9.939449731543799516 forward_v I I I I #
straight-curve $-1 -1 $-1 -39.97792511198425558 -200.715840370600489 -4.496388838376671693 1.106365323957934299 0.2123972439695223091 9.936339526238905151 I I #
point $-1 -1 $-1 -39.97792511198425558 -200.715840370600489 -4.496388838376670805 #
DXID-attrib $-1 -1 $-1 $-1 $178 @10 ASM ENTITY @2 21 #
face $235 -1 $-1 $236 $237 $4 $-1 $238 reversed single #
loop $-1 -1 $-1 $-1 $239 $178 #
spline-surface $-1 -1 $-1 forward { exactsur full nubs 3 3 open open none none 3 2 
	0 3 0.5714285714285709528 1 1.000072851164127696 3 
	-7.285030269568170693e-05 3 1.003736995362337625 3 
	-15.73945488295303186 68.78016924417076439 -27.24771235034547345 
	-16.01994484063829205 68.7777595428094628 -27.18299696307758495 
	-16.55825546157458561 68.77358213784856389 -27.29644871676672935 
	-16.86263512848158541 68.77192041347686313 -27.73272141097132604 
	-16.92358042845426525 68.77181315713191623 -27.93988069524395357 
	-15.76674711422984032 72.12608481840631214 -27.2414154261334005 
	-16.03277806611959022 72.12065499493867549 -27.18059331731432593 
	-16.54179383534917136 72.111262130812392 -27.27451885361095307 
	-16.85508814592997595 72.10727477609160019 -27.66772868319846168 
	-16.92905133687339614 72.10690087949573979 -27.85973350642837332 
	-15.84636801070816325 75.47163114388278871 -27.22304511607195465 
	-16.0981016275003519 75.46356612763155169 -27.16460185666966964 
	-16.57714669961748655 75.44954295356104979 -27.24303621511755225 
	-16.89434150798489753 75.44262897394183653 -27.5938659683787364 
	-16.97805787550118595 75.44147859128915456 -27.76922132490692263 
	-15.98705255031394756 78.81454758986532738 -27.19058606665502253 
	-16.22357857242431223 78.80406364768633409 -27.13601433649725081 
	-16.67200417309022953 78.78580370583190984 -27.19902139018308773 
	-16.98707243134655087 78.7755508425359352 -27.50866719520040249 
	-17.07788117763379532 78.77326341049538883 -27.66667236368141047 
	0 
	
	0 
	0 
	1 0.5714285714285709528 
	0 
	0 
	0 
	F 1 F 0 F 1 F 0 } F 0 F 1.000000040479457342 F -1.7790818636514034e-15 F 1.003664160732968158 #
loop $-1 -1 $-1 $240 $241 $144 #
coedge $-1 -1 $-1 $214 $214 $242 $243 forward $179 $-1 #
coedge $-1 -1 $-1 $215 $215 $241 $244 forward $181 $-1 #
coedge $-1 -1 $-1 $216 $216 $182 $217 reversed $245 $-1 #
edge $-1 -1 $-1 $246 -3.141592653589793116 $246 3.141592653589793116 $216 $247 forward @7 unknown #
loop $-1 -1 $-1 $248 $183 $205 #
vertex $-1 -1 $-1 $184 $249 #
ellipse-curve $-1 -1 $-1 -1.42486619747095015e-14 78.87646096111309646 0 -1.806453002719559958e-16 1 0 -40.06250000000000711 -7.237102342145238178e-15 4.906241239084070562e-15 1 I I #
DXID-attrib $-1 -1 $-1 $-1 $186 @10 ASM ENTITY @2 10 #
loop $-1 -1 $-1 $-1 $250 $186 #
plane-surface $-1 -1 $-1 -34.82308257414943142 -217.7368343413884872 2.33832861419808502 0.9932631197325116901 -0.03703436001921337623 -0.1098036026604109205 0.3446639927048760765 9.990882494982656681 -0.2519398808879868557 forward_v I I I I #
loop $-1 -1 $-1 $-1 $251 $149 #
coedge $-1 -1 $-1 $225 $225 $252 $253 reversed $187 $-1 #
edge $254 -1 $-1 $255 -3.141592653589793116 $255 3.141592653589793116 $190 $256 forward @7 unknown #
vertex $-1 -1 $-1 $192 $257 #
ellipse-curve $-1 -1 $-1 -39.57225985740790009 -211.2574065694532806 2.728624502540712982 0.9932631197325116901 -0.03703436001921378562 -0.1098036026604109483 0.03791303919753650359 1.098997074448086586 -0.02771338689767845198 1 I I #
point $-1 -1 $-1 -34.42671898253883001 -206.2473194721583809 2.048597751176906012 #
loop $-1 -1 $-1 $173 $252 $165 #
straight-curve $-1 -1 $-1 -42.14930826602497405 -263.6584000889912431 -2.909167588782350045 0.344663992704876021 9.990882494982656681 -0.2519398808879868557 I I #
DXID-attrib $-1 -1 $-1 $-1 $205 @10 ASM ENTITY @2 16 #
face $258 -1 $-1 $79 $259 $4 $-1 $260 forward single #
torus-surface $-1 -1 $-1 -1.433827620096549933e-14 79.37253933193770195 0 1.806453002719559958e-16 -1 0 40 0.5 -1 -1.806453002719559958e-16 1.224646799147350002e-16 forward_v I I I I #
DXID-attrib $-1 -1 $-1 $-1 $210 @10 ASM ENTITY @2 22 #
face $261 -1 $-1 $262 $263 $4 $-1 $264 reversed single #
loop $-1 -1 $-1 $-1 $265 $210 #
spline-surface $-1 -1 $-1 forward { exactsur full nubs 3 3 open open none none 3 2 
	0 3 0.5714285714285709528 1 1 3 
	0.170582949350528007 3 0.1714188175303409944 3 
	-15.73939273927090099 68.77253933193769342 -27.24772668827380429 
	-16.01991530989850077 68.77013649484490543 -27.1830038977805053 
	-16.55825879882780072 68.76597126565459916 -27.2964832756169038 
	-16.86260764493970044 68.76431481088799558 -27.73280579824440295 
	-16.92353696465830026 68.76420799054689326 -27.9399578013440042 
	-15.73941539789720068 68.77532546216340847 -27.24772146042530352 
	-16.01992592879869903 68.77292010974329628 -27.18300191177400293 
	-16.55824502615909921 68.76875053720129927 -27.29646502871980118 
	-16.86260129975089939 68.76709214665399372 -27.73275169599239831 
	-16.92354145857350289 68.76698510475802095 -27.93989108291530243 
	-15.73943809343400169 68.77811159207290359 -27.2477162240605999 
	-16.01993694301939897 68.77570374796860619 -27.18299844268550203 
	-16.55823117735560146 68.77152980231660706 -27.29644713493000197 
	-16.86259541872659895 68.76986949811859517 -27.73269781729950267 
	-16.92354598319930048 68.76976221855530014 -27.93982435718070434 
	-15.73946082588330242 68.78089772166519822 -27.2477109791794021 
	-16.01994763553580015 68.7784873627646931 -27.18299643953770328 
	-16.55821747786909981 68.77430907460910703 -27.29642887405620399 
	-16.86258913896169886 68.77264683376169785 -27.73264370228420006 
	-16.92355053853719937 68.77253933193769342 -27.93975762413990083 
	0 
	
	0 
	0 
	1 0.5714285714285709528 
	0 
	0 
	0 
	F 1 F 0 F 1 F 0 } I I I I #
tcoedge-coedge $-1 -1 $-1 $266 $267 $268 $269 forward $211 $270 1.760448493538235033e-10 0.1279414308136999912 #
loop $-1 -1 $-1 $271 $272 $144 #
coedge $-1 -1 $-1 $241 $241 $215 $244 reversed $213 $-1 #
coedge $-1 -1 $-1 $242 $242 $214 $243 reversed $273 $-1 #
edge $-1 -1 $-1 $274 -3.141592653589793116 $274 3.141592653589793116 $214 $275 forward @7 unknown #
edge $-1 -1 $-1 $276 -3.141592653589793116 $276 3.141592653589793116 $215 $277 forward @7 unknown #
loop $-1 -1 $-1 $-1 $216 $233 #
vertex $-1 -1 $-1 $217 $278 #
ellipse-curve $-1 -1 $-1 -1.433827620096549933e-14 79.37253933193770195 0 -1.806453002719559958e-16 1 0 38.48418947728410444 6.951987963846835988e-15 0 1 I I #
loop $-1 -1 $-1 $-1 $279 $205 #
point $-1 -1 $-1 -40.06250000000000711 78.87646096111309646 -4.906241239084080028e-15 #
coedge $-1 -1 $-1 $250 $250 $251 $280 reversed $222 $-1 #
coedge $-1 -1 $-1 $251 $251 $250 $280 forward $224 $-1 #
coedge $-1 -1 $-1 $252 $252 $225 $253 forward $230 $-1 #
edge $-1 -1 $-1 $281 -3.14159265358979356 $281 3.141592653589792672 $252 $282 forward @7 unknown #
DXID-attrib $-1 -1 $-1 $-1 $226 @10 ASM ENTITY @2 66 #
vertex $-1 -1 $-1 $226 $283 #
ellipse-curve $-1 -1 $-1 -34.60594425874535318 -211.4425783695493521 2.179606489238659961 0.9932631197325116901 -0.03703436001921337623 -0.1098036026604109205 0.03791303919753617052 1.098997074448086586 -0.02771338689767841382 1 I I #
point $-1 -1 $-1 -39.61017289660543383 -212.3564036439013591 2.756337889438391642 #
DXID-attrib $-1 -1 $-1 $-1 $233 @10 ASM ENTITY @2 17 #
loop $-1 -1 $-1 $245 $284 $233 #
plane-surface $-1 -1 $-1 40 79.37253933193770195 0 -1.806453002719559958e-16 1 0 0 0 1 forward_v I I I I #
DXID-attrib $-1 -1 $-1 $-1 $236 @10 ASM ENTITY @2 23 #
face $285 -1 $-1 $286 $287 $4 $-1 $288 forward single #
loop $-1 -1 $-1 $289 $290 $236 #
plane-surface $-1 -1 $-1 -7.729885961480000844 68.77253933193779289 -33.51266465528350125 -2.867068208441409832e-16 1 -5.925602129037930186e-16 0 5.925602129037930186e-16 1 forward_v I I I I #
tcoedge-coedge $-1 -1 $-1 $291 $292 $290 $293 forward $237 $294 0 0.1515813925849880117 #
tcoedge-coedge $-1 -1 $-1 $295 $239 $296 $297 forward $211 $298 -1.003664160732969934 0 #
coedge $-1 -1 $-1 $239 $295 $299 $300 forward $211 $301 #
tcoedge-coedge $-1 -1 $-1 $302 $303 $239 $269 reversed $304 $305 -0.1279414308136999912 -1.760448493538235033e-10 #
tedge-edge $-1 -1 $-1 $306 1.760448493538235033e-10 $307 0.1279414308136999912 $239 $308 forward @7 unknown 1.097030635846187077e-06 #
pcurve $-1 -1 $-1 0 forward { exppc nubs 3 open 12 
	1.760448493538235033e-10 3 0.01314456090524840012 3 0.02657925727897030022 3 0.03912238369714209768 3 0.0525438312947257985 3 
	0.06582300671802479575 3 0.07320478014236210529 3 0.07822901761116310415 3 0.09155741904746199367 3 0.1030879740863099997 3 
	0.1164102495250689956 3 0.1279414308136999912 3 
	1.589705043893254298e-09 0.9995322672743308656 
	0.03429033815329993184 0.9997206304470581673 
	0.06847651412604621735 0.9999083294628299257 
	0.1026313416119324085 1.000094286052839454 
	0.1375400575761162592 1.000284347202613722 
	0.1724160240543530509 1.000472592745299982 
	0.207336997661436151 1.000657856034391058 
	0.2399405023789705216 1.000830824651699036 
	0.2725832385643072175 1.001001196653414693 
	0.3053285144053333733 1.001167956318173458 
	0.340366748822874543 1.001346393178915717 
	0.3752967066826654596 1.001519540319830037 
	0.4101957411737385817 1.001686249277826457 
	0.4447248333406785825 1.001851191060877388 
	0.4792236549217405717 1.00200983473363725 
	0.5137671316286188672 1.002160974074326472 
	0.5329695376674495888 1.002244991065811774 
	0.5521857429258102412 1.002326687068927136 
	0.5714286164506441335 1.002405834674496177 
	0.5845258439884223334 1.00245970470580259 
	0.597635425465301795 1.002512393823840497 
	0.6107614139304353706 1.002563860053129474 
	0.64558230856328358 1.002700390734379221 
	0.6803352019341679657 1.002827606598215571 
	0.7150962523506347868 1.0029449010493936 
	0.7451684411987029577 1.003046373842775729 
	0.7752467372722198213 1.003140420143918465 
	0.8053804756212262772 1.003226540815306933 
	0.8401966627806838339 1.003326043684105828 
	0.8749430394808032085 1.003414558174392068 
	0.9096956535549651779 1.003491405404285608 
	0.9397760024401942136 1.003557921018942034 
	0.9698610261549753808 1.003615694085158605 
	0.9999999999999978906 1.003664160732968158 
	5.673074019840057033e-09 
	spline forward { ref 0 } I I I I 
	} 0 0 #
loop $-1 -1 $-1 $-1 $309 $144 #
coedge $-1 -1 $-1 $310 $311 $312 $313 forward $240 $-1 #
loop $-1 -1 $-1 $-1 $242 $314 #
vertex $-1 -1 $-1 $243 $315 #
ellipse-curve $-1 -1 $-1 -3.612906005439100194e-16 2 0 1.806453002719559958e-16 -1 0 47.73221316194459973 8.622599979284493036e-15 0 1 I I #
vertex $-1 -1 $-1 $244 $316 #
ellipse-curve $-1 -1 $-1 -1.42486619747095015e-14 78.87646096111309646 0 1.806453002719559958e-16 -1 0 38.04668947728409734 6.87295564497785466e-15 0 1 I I #
point $-1 -1 $-1 -38.48418947728410444 79.37253933193770195 4.71295394611362101e-15 #
coedge $-1 -1 $-1 $279 $279 $284 $317 forward $248 $-1 #
edge $318 -1 $-1 $319 -3.141592653589793116 $319 3.141592653589793116 $251 $320 forward @7 unknown #
vertex $-1 -1 $-1 $253 $321 #
ellipse-curve $-1 -1 $-1 -39.78939817281197833 -217.5516625412923872 2.887346627500138041 0.9932631197325116901 -0.03703436001921378562 -0.1098036026604109483 0.03791303919753650359 1.098997074448086586 -0.02771338689767845198 1 I I #
point $-1 -1 $-1 -34.64385729794290114 -212.5415754439974307 2.207319876136331072 #
coedge $-1 -1 $-1 $284 $284 $279 $317 reversed $259 $-1 #
DXID-attrib $-1 -1 $-1 $-1 $262 @10 ASM ENTITY @2 24 #
face $322 -1 $-1 $323 $324 $4 $-1 $325 reversed single #
loop $-1 -1 $-1 $-1 $296 $262 #
spline-surface $-1 -1 $-1 forward { exactsur full nubs 3 3 open open none none 5 2 
	0 3 0.2079311635267589997 1 0.4158623270535170002 1 0.6931038784225289628 1 0.9703454297915400373 3 
	7.173750569414280243 3 8.233514244358799417 3 
	-24.8788034981855013 68.69753821538360228 -30.46020816872620074 
	-24.33288789867120272 68.74037549690379478 -30.89912401641790041 
	-23.05358413840929899 68.7884469781185004 -31.54548887147570113 
	-20.66492399163799831 68.73009421490249338 -31.67029171454949932 
	-18.25019608639389901 68.49942067442860605 -30.54216631833010354 
	-17.2069587816236016 68.24421235329769786 -28.91836114853619932 
	-16.94429491687730049 68.11428169937299515 -28.02971502428480477 
	-24.79262402650550001 72.19573813847630106 -29.96153963726980507 
	-24.24777770191710147 72.2393905228263975 -30.40518444985300306 
	-22.96797209332720158 72.28884674958939627 -31.06069122630880486 
	-20.57208194586880268 72.23154355854890696 -31.19615766325260253 
	-18.14613459189359901 72.00021277893429783 -30.07107254482760084 
	-17.09767763174340161 71.74346360958010393 -28.44303480608440182 
	-16.83407608282929857 71.61273820036879556 -27.55175489186839854 
	-24.70679608642250003 75.69362194316029502 -29.45959901342140341 
	-24.16311097770970306 75.73812945863440405 -29.90813967583120458 
	-22.88287973855959834 75.7890639979782037 -30.57327779882640328 
	-20.4795456657742001 75.73287211576030131 -30.7199261777705992 
	-18.04188060439729924 75.50084177957360509 -29.59806350495989946 
	-16.98803457519790072 75.24247264456289486 -27.96569840526590411 
	-16.72336293767429893 75.11089434354920513 -27.0716405413705985 
	-24.62133312888230208 79.19113638219980089 -28.95384872914980434 
	-24.0789474239918988 79.23656354002599755 -29.40756160659429952 
	-22.79838072724329834 79.28906608332340511 -30.08276516396150413 
	-20.3873049040232992 79.23407086535719657 -30.24127617164310422 
	-17.93736311975650111 79.00130056116070421 -29.12291578988450169 
	-16.87777361163389855 78.74118135319419309 -27.48595694040780302 
	-16.61207694971059823 78.60870025798929817 -26.58902968803450051 
	0 
	
	0 
	0 
	3 0.2079311635267589997 0.4158623270535170002 0.6931038784225289628 
	0 
	0 
	0 
	F 1 F 0 F 1 F 0 } F 0 F 0.9703454297915400373 F 7.173920212925011697 F 8.233514244358799417 #
loop $-1 -1 $-1 $326 $327 $236 #
tcoedge-coedge $-1 -1 $-1 $328 $329 $265 $293 reversed $263 $330 -0.1515813925849880117 -0 #
coedge $-1 -1 $-1 $292 $265 $331 $332 forward $237 $333 #
tcoedge-coedge $-1 -1 $-1 $265 $291 $295 $334 reversed $237 $335 -1.511294657121217577 3.578560160873172419e-08 #
tedge-edge $-1 -1 $-1 $336 0 $337 0.1515813925849880117 $265 $338 forward @7 unknown 8.401909483690647547e-07 #
pcurve $-1 -1 $-1 0 forward { exppc nubs 3 open 13 
	0 3 0.01317880269599210064 3 0.02657466963933639847 3 0.03906221060710590026 3 0.05243759858049319711 3 
	0.06498043174867039473 3 0.07812643255448019353 3 0.09140873359527719455 3 0.1048613520606470062 3 0.1148523871153809967 3 
	0.12830598528732301 3 0.1414590250838110019 3 0.1515813925849880117 3 
	0.9999999999999982236 0.1714188175303409944 
	0.9709323118037986866 0.1714166229711915346 
	0.9419566373965332362 0.1714119266639445582 
	0.9130107892396146507 0.1714048701104979311 
	0.8835881823900368914 0.1713976973306005069 
	0.8541963920687964951 0.1713880856634333594 
	0.8247700962621429266 0.1713761396216962052 
	0.7973390926571194415 0.1713650035984566333 
	0.769878104009490305 0.1713518383913080201 
	0.7423342108378425674 0.1713366980532651795 
	0.7128319847054764846 0.1713204812579894876 
	0.6834249071618855309 0.1713021039247182853 
	0.6540479387460147453 0.1712816806654173518 
	0.6264995480331460032 0.1712625286576646144 
	0.5989776346126656215 0.1712415768530456406 
	0.571428565316861814 0.1712188893282775015 
	0.5425546990773908451 0.1711951107915717363 
	0.5136510031516499097 0.171169425140832554 
	0.4846557358028579232 0.1711420388420293037 
	0.4553598400111246169 0.1711143685968748163 
	0.4261525630071936188 0.1710851352800807079 
	0.3969700983796766725 0.1710545845233000517 
	0.3674134303515004807 0.1710236420176652339 
	0.3378822149293901345 0.1709913472458026162 
	0.3083101577275971228 0.1709579271302258119 
	0.2863474847428332803 0.1709331065685544548 
	0.2643622842801712225 0.1709076646351138096 
	0.2423273990079619633 0.1708816885140760911 
	0.2126559494941618611 0.1708467099265130185 
	0.1830755673153350027 0.1708109776984032269 
	0.1535199080485861733 0.1707747215058373902 
	0.1246245331772203174 0.1707392752900672439 
	0.09575278890494570705 0.1707033273790341532 
	0.06684268064858248093 0.1706670794853444584 
	0.04459392714387112877 0.1706391836903991266 
	0.02232245226416405826 0.1706111098698874784 
	5.935735374722096663e-17 0.1705829493505378325 
	1.172864863072815874e-09 
	spline reversed { ref 1 } I I I I 
	} 0 0 #
tcoedge-coedge $-1 -1 $-1 $267 $266 $292 $334 forward $211 $339 -3.578560160873172419e-08 1.511294657121217577 #
tcoedge-coedge $-1 -1 $-1 $340 $341 $266 $297 reversed $287 $342 -0 1.003664160732969934 #
tedge-edge $-1 -1 $-1 $307 -1.003664160732969934 $336 0 $266 $343 forward @14 tangent_not_g2 0.001456061779053011585 #
pcurve $-1 -1 $-1 0 forward { exppc nubs 3 open 2 
	-1.003664160732969934 3 0 3 
	0.9999991292212416782 1.003664144198208819 
	0.9999977038801058926 0.6691094275926185997 
	1.000000002143335953 0.3345547202530296804 
	1.000000040479457342 8.614300645658121438e-10 
	7.394375073817294197e-05 
	spline forward { ref 0 } I I I I 
	} 0 0 #
coedge $-1 -1 $-1 $331 $344 $267 $300 reversed $345 $-1 #
edge $-1 -1 $-1 $346 0 $306 0.9995322671490449729 $267 $347 forward @14 tangent_not_g2 #
pcurve $-1 -1 $-1 0 forward { exppc nubs 1 open 2 
	0 1 0.9995322671490449729 1 
	0 0 
	6.952129765500171407e-15 0.9995322671490494137 
	0 
	spline forward { ref 0 } I I I I 
	} 0 0 #
coedge $-1 -1 $-1 $348 $268 $344 $349 forward $304 $-1 #
coedge $-1 -1 $-1 $268 $312 $340 $350 forward $304 $-1 #
loop $-1 -1 $-1 $-1 $268 $351 #
pcurve $-1 -1 $-1 -1 $308 0 0 #
tvertex-vertex $-1 -1 $-1 $269 $352 2.231439057146759436e-09 #
tvertex-vertex $-1 -1 $-1 $269 $353 0.001452125084950347178 #
intcurve-curve $-1 -1 $-1 forward { parcur full nubs 3 open 12 
	0 3 0.01314456090524840012 3 0.02657925727897030022 3 0.03912238369714209768 3 0.0525438312947257985 3 
	0.06582300671802479575 3 0.07320478014236210529 3 0.07822901761116310415 3 0.09155741904746199367 3 0.1030879740863099997 3 
	0.1164102495250689956 3 0.1279414308136999912 3 
	-15.98528787882639968 78.77253933193769342 -27.19099321557969873 
	-16.02798160750619871 78.77253933193769342 -27.18114202927470302 
	-16.07117879703810104 78.77253933193769342 -27.17425818411660288 
	-16.11459782594739565 78.77253933193769342 -27.17023210350800966 
	-16.1589752284671988 78.77253933193769342 -27.16611715657730386 
	-16.20358546440590075 78.77253933193769342 -27.16498752405210126 
	-16.24813761171476756 78.77253933193769342 -27.16677988275812083 
	-16.28973313425959901 78.77253933193769342 -27.16845329473640192 
	-16.33127887444710069 78.77253933193769342 -27.1726743499313983 
	-16.37253246684244345 78.77253933193769342 -27.17943212507170969 
	-16.4166748050512048 78.77253933193769342 -27.18666310735620328 
	-16.4601971077951994 78.77253933193769342 -27.19675119339219904 
	-16.50281267052081802 78.77253933193769342 -27.20962132672021738 
	-16.54497649294620132 78.77253933193769342 -27.2223550320035983 
	-16.58625379137630063 78.77253933193769342 -27.23781239485489891 
	-16.62635648724643644 78.77253933193769342 -27.25596968399271347 
	-16.64864921290010003 78.77253933193769342 -27.26606315667780223 
	-16.67057869083689781 78.77253933193769342 -27.27699179564730514 
	-16.69209213724878182 78.77253933193769342 -27.28875772890273055 
	-16.70673477897349812 78.77253933193769342 -27.29676594580660165 
	-16.72118463322840043 78.77253933193769342 -27.30516214707749967 
	-16.73542956221452727 78.77253933193769342 -27.31393589974260294 
	-16.7732188054852962 78.77253933193769342 -27.33721109291359497 
	-16.80936851030019952 78.77253933193769342 -27.36301712798310248 
	-16.84368278586286749 78.77253933193769342 -27.39110913508747913 
	-16.87336846459069761 78.77253933193769342 -27.41541185703180261 
	-16.90168046894330089 78.77253933193769342 -27.44142659063880529 
	-16.9284721439907706 78.77253933193769342 -27.46901916157176515 
	-16.95942694826910468 78.77253933193769342 -27.5008993120757026 
	-16.98822479237630034 78.77253933193769342 -27.53475296976720443 
	-17.01465678226563938 78.77253933193769342 -27.57035611242163498 
	-17.03753516131090251 78.77253933193769342 -27.6011726417961043 
	-17.0586409211291965 78.77253933193769342 -27.63330086278400444 
	-17.07781314560520158 78.77253933193769342 -27.6666141237305041 
	0 
	
	plane -7.729885961480000844 78.77253933193769342 -33.51266465528350125 -2.867068208441409832e-16 1 -5.925602129037930186e-16 0 5.925602129037930186e-16 1 forward_v I I I I 
	null_surface 
	nubs 3 open 12 
	0 3 0.01314456090524840012 2 0.02657925727897030022 2 0.03912238369714209768 2 0.0525438312947257985 2 
	0.06582300671802479575 2 0.07320478014236210529 2 0.07822901761116310415 2 0.09155741904746199367 2 0.1030879740863099997 2 
	0.1164102495250689956 2 0.1279414308136999912 3 
	6.321671439703803408 -8.255401917346398832 
	6.331522626008800003 -8.298095646026197869 
	6.338406471166900147 -8.341292835558100194 
	6.346547498706199164 -8.429089266987197959 
	6.347677131231399983 -8.473699502925899907 
	6.344211360547101108 -8.559847172779599944 
	6.339990305352105615 -8.601392912967099846 
	6.326001547927302404 -8.686788843571202179 
	6.315913461891303982 -8.730311146315198556 
	6.290309623279902951 -8.815090531466200474 
	6.274852260428604112 -8.856367829896299781 
	6.246601498605700797 -8.918763251420099181 
	6.235672859636197884 -8.940692729356898738 
	6.215898709476900486 -8.976848817493499055 
	6.207502508206003355 -8.991298671748397808 
	6.175453562369907168 -9.043332844005297133 
	6.14964752730040054 -9.079482548820198673 
	6.0972527982517013 -9.143482503110698545 
	6.071238064644698618 -9.17179450746330005 
	6.011765343207801315 -9.229540986789102064 
	5.97791168551629859 -9.258338830896299498 
	5.91149201348739961 -9.307649199830898112 
	5.879363792499500363 -9.328754959649197431 
	5.846050531552998919 -9.347927184125200739 
	
	nullbs 
	I I 
	0 
	10 0.01314456090524840012 0.02657925727897030022 0.03912238369714209768 0.0525438312947257985 0.06582300671802479575 0.07320478014236210529 0.07822901761116310415 0.09155741904746199367 0.1030879740863099997 0.1164102495250689956 
	0 
	surf1 } F 1.760448493538235033e-10 F 0.1279414308136999912 #
coedge $-1 -1 $-1 $354 $355 $356 $357 forward $271 $-1 #
coedge $-1 -1 $-1 $358 $272 $359 $360 forward $240 $-1 #
tcoedge-coedge $-1 -1 $-1 $272 $361 $362 $363 reversed $240 $364 7.181324322782569602 8.191235449895980736 #
coedge $-1 -1 $-1 $303 $365 $272 $313 reversed $304 $-1 #
edge $-1 -1 $-1 $366 -2.274676929716311857 $367 -1.960999227565176861 $272 $368 forward @7 unknown #
face $369 -1 $-1 $-1 $273 $4 $-1 $370 reversed single #
point $-1 -1 $-1 -47.73221316194459973 1.99999999999999023 -5.84551020649947052e-15 #
point $-1 -1 $-1 -38.04668947728409734 78.87646096111309646 -4.659375648650930694e-15 #
edge $-1 -1 $-1 $371 -3.141592653589793116 $371 3.141592653589793116 $279 $372 forward @7 unknown #
DXID-attrib $-1 -1 $-1 $-1 $280 @10 ASM ENTITY @2 68 #
vertex $-1 -1 $-1 $280 $373 #
ellipse-curve $-1 -1 $-1 -34.82308257414943142 -217.7368343413884872 2.33832861419808502 0.9932631197325116901 -0.03703436001921337623 -0.1098036026604109205 0.03791303919753617052 1.098997074448086586 -0.02771338689767841382 1 I I #
point $-1 -1 $-1 -39.82731121200951208 -218.6506596157404658 2.915060014397816701 #
DXID-attrib $-1 -1 $-1 $-1 $286 @10 ASM ENTITY @2 25 #
face $374 -1 $-1 $375 $376 $4 $-1 $377 reversed single #
loop $-1 -1 $-1 $-1 $378 $286 #
spline-surface $-1 -1 $-1 forward { exactsur full nubs 3 3 open open none none 3 2 
	-5.211397153993923127e-05 3 0.5714285714285709528 1 1 3 
	-5.211312048022059509e-05 3 1.003716274704389955 3 
	2.971800203743311108 68.77201986619978413 -32.53015010362177151 
	3.019755028488898319 68.77216296059260969 -32.24627747706934144 
	2.874537130728792356 68.77434628359847579 -31.7156438892149275 
	2.42098632135326719 68.77856919068443631 -31.43772964948208681 
	2.210619548952268421 68.78037660872625736 -31.38919338767058065 
	3.011829954218243621 72.10696986970989997 -32.46050586062487753 
	3.034859547174037608 72.10745293049642157 -32.18735869232194347 
	2.870109212815001865 72.11259669165215769 -31.69622899151658402 
	2.437588520889674371 72.12209211307511225 -31.44173422432911735 
	2.237912815021880331 72.12615397974686005 -31.39549055063235272 
	3.095532227230797684 75.44140992311294269 -32.40061804671182699 
	3.097904018828447459 75.44294349345398132 -32.1414092682121364 
	2.916823116192593268 75.45138609713897893 -31.69015232669562465 
	2.506252919722081529 75.46551366313232734 -31.45731031663341781 
	2.3175306044177022 75.47156208576643621 -31.41386014382085534 
	3.230184282506293858 78.77305741823010976 -32.35217327898056539 
	3.213642026885458414 78.77610725311990336 -32.10976670511867326 
	3.023132866671353725 78.78811557863406279 -31.69873140458772198 
	2.6356020478954445 78.80647773193408057 -31.48724630801760327 
	2.458206812839350608 78.8143405762683642 -31.44631727104844288 
	0 
	
	0 
	0 
	1 0.5714285714285709528 
	0 
	0 
	0 
	F 1 F 0 F 1 F 0 } F -3.999203576712162193e-08 F 1 F -1.777809896872517957e-15 F 1.003664161208686734 #
loop $-1 -1 $-1 $-1 $379 $236 #
coedge $-1 -1 $-1 $327 $327 $380 $381 reversed $289 $-1 #
coedge $-1 -1 $-1 $382 $290 $341 $383 reversed $263 $-1 #
coedge $-1 -1 $-1 $290 $384 $385 $386 reversed $263 $-1 #
pcurve $-1 -1 $-1 -1 $338 0 0 #
coedge $-1 -1 $-1 $385 $299 $291 $332 reversed $345 $-1 #
edge $-1 -1 $-1 $337 0 $346 0.0008358681797942982923 $291 $387 forward @14 tangent_not_g2 #
pcurve $-1 -1 $-1 0 forward { exppc nubs 1 open 2 
	0 1 0.0008358681797942982923 1 
	0 0.170582949350528007 
	0 0.1714188175303409944 
	1.074072002866630118e-14 
	spline reversed { ref 1 } I I I I 
	} 0 0 #
tedge-edge $-1 -1 $-1 $336 -3.578560160873172419e-08 $346 1.511294657121217577 $295 $388 forward @14 tangent_not_g2 0.001739896642980565816 #
pcurve $-1 -1 $-1 0 forward { exppc nubs 1 open 2 
	-1.511294657121218243 1 3.578560160873172419e-08 1 
	0 0.1714188175303409667 
	1 0.1714188175303409944 
	8.902802647459651415e-08 
	spline reversed { ref 1 } I I I I 
	} 0 0 #
tvertex-vertex $-1 -1 $-1 $297 $389 3.590968515509855932e-08 #
tvertex-vertex $-1 -1 $-1 $293 $390 1.010111200389500762e-11 #
intcurve-curve $-1 -1 $-1 forward { parcur full nubs 3 open 13 
	0 3 0.01317880269599210064 3 0.02657466963933639847 3 0.03906221060710590026 3 0.05243759858049319711 3 
	0.06498043174867039473 3 0.07812643255448019353 3 0.09140873359527719455 3 0.1048613520606470062 3 0.1148523871153809967 3 
	0.12830598528732301 3 0.1414590250838110019 3 0.1515813925849880117 3 
	-16.92355053853719937 68.77253933193779289 -27.93975762413989727 
	-16.91114645397319904 68.77253933193779289 -27.89761588944849535 
	-16.89590942618789882 68.77253933193779289 -27.8564423213403991 
	-16.87806359093415765 68.77253933193779289 -27.81646325752287296 
	-16.85992382208970497 68.77253933193779289 -27.7758257101088013 
	-16.83908804920400115 68.77253933193779289 -27.73642130935939676 
	-16.81574074999717539 68.77253933193779289 -27.69850460099142353 
	-16.79397654790670202 68.77253933193779289 -27.66315888942899903 
	-16.7700289491431036 68.77253933193779289 -27.62910545726520084 
	-16.74401508881148715 68.77253933193779289 -27.59657541623040089 
	-16.71615167875190266 68.77253933193779289 -27.56173253397250278 
	-16.68609865184879837 68.77253933193779289 -27.5288628694601023 
	-16.65404906713870048 68.77253933193779289 -27.49821009249913928 
	-16.6239944178882979 68.77253933193779289 -27.46946530630470207 
	-16.59218312484129854 68.77253933193779289 -27.44266952390649905 
	-16.55874311154400758 68.77253933193779289 -27.41805119152513726 
	-16.52369501388869821 68.77253933193779289 -27.39224899731720342 
	-16.48685706065500511 68.77253933193779289 -27.36883808395969808 
	-16.44849315108419319 68.77253933193779289 -27.34788420382723828 
	-16.40973147720719894 68.77253933193779289 -27.32671306988290283 
	-16.36965425422240017 68.77253933193779289 -27.30818198614780457 
	-16.32856249906716073 68.77253933193779289 -27.29230743252363567 
	-16.28694382904320292 68.77253933193779289 -27.27622932131699685 
	-16.2442833466689045 68.77253933193779289 -27.26287595367169558 
	-16.2008706725784819 68.77253933193779289 -27.25231207775097886 
	-16.16862880459019891 68.77253933193779289 -27.24446646353769808 
	-16.1359714715866005 68.77253933193779289 -27.23816043216940486 
	-16.10301471308565269 68.77253933193779289 -27.23343895812269722 
	-16.05863622942580449 68.77253933193779289 -27.22708117694629948 
	-16.01398706450689957 68.77253933193779289 -27.22363370119799697 
	-15.96935841163705661 68.77253933193779289 -27.22314540844646658 
	-15.92572677943289783 68.77253933193779289 -27.22266802433619759 
	-15.88211366591780127 68.77253933193779289 -27.22501902890449799 
	-15.8387872693519256 68.77253933193779289 -27.23029252235895115 
	-15.80544397264429968 68.77253933193779289 -27.23435091795320062 
	-15.7722702757703015 68.77253933193779289 -27.24014111003669569 
	-15.73939273927090099 68.77253933193779289 -27.24772668827380429 
	0 
	
	plane -7.729885961480000844 68.77253933193779289 -33.51266465528350125 -2.867068208441409832e-16 1 -5.925602129037930186e-16 0 5.925602129037930186e-16 1 forward_v I I I I 
	null_surface 
	nubs 3 open 13 
	0 3 0.01317880269599210064 2 0.02657466963933639847 2 0.03906221060710590026 2 0.05243759858049319711 2 
	0.06498043174867039473 2 0.07812643255448019353 2 0.09140873359527719455 2 0.1048613520606470062 2 0.1148523871153809967 2 
	0.12830598528732301 2 0.1414590250838110019 2 0.1515813925849880117 3 
	5.572907031143603973 -9.193664577057196752 
	5.615048765835005895 -9.181260492493199976 
	5.656222333943105696 -9.166023464707899748 
	5.736838945174703497 -9.130037860609702349 
	5.776243345924104489 -9.109202087724002084 
	5.849505765854502215 -9.064090586426699403 
	5.88355919801830396 -9.040142987663100982 
	5.950932121311002021 -8.986265717271900044 
	5.983801785823402497 -8.956212690368799301 
	6.043199348978802732 -8.894108456408298835 
	6.069995131377005748 -8.862297163361299468 
	6.120415657966301382 -8.793809052408699145 
	6.143826571323803165 -8.756971099175002493 
	6.185951585400601971 -8.679845515727196315 
	6.204482669135700235 -8.639768292742401101 
	6.236435333966504402 -8.557057867563200304 
	6.249788701611805664 -8.514397385188901879 
	6.268198191745803172 -8.43874284311019629 
	6.274504223114099943 -8.40608551010659788 
	6.285583478337205321 -8.328750267945801866 
	6.289030954085504277 -8.284101103026900503 
	6.289996630947303657 -8.19584081795289876 
	6.287645626379003261 -8.152227704437800426 
	6.278313737330304178 -8.075558011164298833 
	6.272523545246805554 -8.042384314290300651 
	6.264937967009700515 -8.009506777790900145 
	
	nullbs 
	I I 
	0 
	11 0.01317880269599210064 0.02657466963933639847 0.03906221060710590026 0.05243759858049319711 0.06498043174867039473 0.07812643255448019353 0.09140873359527719455 0.1048613520606470062 0.1148523871153809967 0.12830598528732301 0.1414590250838110019 
	0 
	surf1 } F 0 F 0.1515813925849880117 #
pcurve $-1 -1 $-1 0 forward { exppc nubs 1 open 2 
	-3.578560160873172419e-08 1 1.511294657121218243 1 
	1 0 
	5.23760531045916712e-16 4.404142879252283797e-16 
	8.918467904215202664e-08 
	spline reversed { ref 0 } I I I I 
	} 0 0 #
coedge $-1 -1 $-1 $362 $296 $303 $350 reversed $287 $391 #
coedge $-1 -1 $-1 $296 $362 $328 $383 forward $287 $392 #
pcurve $-1 -1 $-1 0 forward { exppc nubs 3 open 2 
	-0 3 1.003664160732969934 3 
	0.9703454297915400373 7.240218101221991276 
	0.9320614094962372809 7.571489981057144547 
	0.8937256733189212765 7.902667794310374916 
	0.8541683219444214936 8.233514244337728272 
	0.01000000000000000021 
	spline forward { ref 3 } I I I I 
	} 0 0 #
intcurve-curve $-1 -1 $-1 forward { parcur full nubs 3 open 2 
	-1.003664160732969934 3 0 3 
	-17.07907349972622058 78.77247907416959549 -27.66588749203549469 
	-16.97906135495550117 75.44120586142466323 -27.76866909437120512 
	-16.92901881324989333 72.10714310170676811 -27.85962873770719384 
	-16.9235505521995897 68.77253934052507134 -27.93975768368774482 
	0.0001831779641056701605 
	
	spline forward { ref 3 } I I I I 
	null_surface 
	nubs 3 open 2 
	-1.003664160732969934 3 0 3 
	0.8541683219444214936 8.233514244337728272 
	0.8937256733189212765 7.902667794310374916 
	0.9320614094962372809 7.571489981057144547 
	0.9703454297915400373 7.240218101221991276 
	
	nullbs 
	I I 
	0 
	0 
	0 
	surf1 } F -1.003664160732969934 F 0 #
coedge $-1 -1 $-1 $299 $393 $302 $349 reversed $345 $-1 #
loop $-1 -1 $-1 $-1 $331 $375 #
tvertex-vertex $-1 -1 $-1 $334 $394 1.003662053438817684e-11 #
intcurve-curve $-1 -1 $-1 forward { exactcur full nubs 3 open 2 
	0 3 0.9995322671490449729 3 
	-15.73946082588330242 68.78089772166519822 -27.2477109791794021 
	-15.76664431864920068 72.1125551470881021 -27.24143914335800076 
	-15.84571207456479947 75.44384630137109582 -27.2231964551157013 
	-15.98528787851370048 78.77253933077329862 -27.19099321565190408 
	0 
	
	null_surface 
	null_surface 
	nullbs 
	nullbs 
	I I 
	0 
	0 
	0 
	F 1 F 0 } F 0 F 0.9995322671490449729 #
tcoedge-coedge $-1 -1 $-1 $395 $302 $378 $396 reversed $304 $397 -0.1279377562236807542 -0 #
edge $-1 -1 $-1 $306 -0.4364200101173699164 $398 1.456202674372088612 $344 $399 forward @7 unknown #
edge $-1 -1 $-1 $366 -0.6639438853116683692 $307 -0 $340 $400 reversed @7 unknown #
face $401 -1 $-1 $314 $304 $4 $-1 $402 forward single #
point $-1 -1 $-1 -15.98528788054180083 78.77253933154958077 -27.19099321518394419 #
point $-1 -1 $-1 -17.0790635567957807 78.77247776675059754 -27.66587835962733521 #
tcoedge-coedge $-1 -1 $-1 $403 $309 $404 $405 reversed $271 $406 7.181324322782580261 8.191235449895980736 #
tcoedge-coedge $-1 -1 $-1 $309 $403 $407 $408 reversed $271 $409 0.565636879164295947 1.575548006277700086 #
coedge $-1 -1 $-1 $410 $411 $309 $357 reversed $412 $-1 #
edge $-1 -1 $-1 $413 -1.802303190647168929 $414 -0.8857810337842308979 $309 $415 forward @7 unknown #
coedge $-1 -1 $-1 $416 $310 $417 $418 forward $240 $-1 #
coedge $-1 -1 $-1 $419 $419 $310 $360 reversed $420 $-1 #
edge $-1 -1 $-1 $367 -1.960999227565176861 $421 -1.919504974503525307 $310 $422 forward @7 unknown #
coedge $-1 -1 $-1 $311 $423 $382 $424 forward $240 $-1 #
tcoedge-coedge $-1 -1 $-1 $341 $340 $311 $363 forward $287 $425 -8.191235449895980736 -7.181324322782569602 #
tedge-edge $-1 -1 $-1 $366 -8.191235449895980736 $426 -7.181324322782569602 $311 $427 forward @7 tangent 3.296347606070109127e-06 #
pcurve $-1 -1 $-1 0 forward { exppc nubs 3 open 2 
	7.181324322782569602 3 8.191235449895980736 3 
	-0.6873813471142921072 -2.255811619791716183 
	-0.765492139726121068 -2.261841470571450241 
	-0.843596196695448608 -2.268118301387516578 
	-0.921692442115521593 -2.274676929619392496 
	3.045952468262378713e-06 
	cone -7.123976775414779944e-15 39.43626966596890071 0 1.806453002719559958e-16 -1 0 43.01568651670159937 7.770581607213889072e-15 0 1 I I -0.1249999999999996114 -0.9921567416492215186 43.01568651670159937 forward I I I I 
	} 0 0 #
coedge $-1 -1 $-1 $312 $417 $428 $429 forward $304 $-1 #
tvertex-vertex $-1 -1 $-1 $313 $430 1.752904602526825586e-08 #
vertex $-1 -1 $-1 $313 $431 #
ellipse-curve $-1 -1 $-1 -1.42298890208023985e-14 78.77253933193769342 0 2.867068208441409832e-16 -1 5.925602129037930186e-16 38.05978237188600133 1.091199920586331672e-14 -2.078732822205697092e-30 1 F -2.274676929716311857 F -1.960999227565176861 #
DXID-attrib $-1 -1 $-1 $-1 $314 @10 ASM ENTITY @2 53 #
plane-surface $-1 -1 $-1 -3.612906005439119916e-16 2 0 1.806453002719559958e-16 -1 0 0 0 -1 forward_v I I I I #
vertex $-1 -1 $-1 $317 $432 #
ellipse-curve $-1 -1 $-1 -1.433827620096549933e-14 79.37253933193770195 0 1.806453002719559958e-16 -1 0 -39.5 -7.135489360742264102e-15 4.837354856632033619e-15 1 I I #
point $-1 -1 $-1 -34.86099561334697228 -218.8358314158365374 2.366042001095773895 #
DXID-attrib $-1 -1 $-1 $-1 $323 @10 ASM ENTITY @2 26 #
face $433 -1 $-1 $434 $345 $4 $-1 $435 forward single #
loop $-1 -1 $-1 $-1 $436 $323 #
spline-surface $-1 -1 $-1 forward { exactsur full nubs 3 3 open open none none 3 2 
	0 3 0.5714285714285709528 1 1 3 
	0.1701841704711349879 3 0.1710200386509460047 3 
	2.971719649854589917 68.76420799054689326 -32.53023559179530366 
	3.019703036587940037 68.76435041766839618 -32.24636009059980069 
	2.87453205409441015 68.76652682313209652 -31.71566874507630018 
	2.420947641726080235 68.77073720411812019 -31.43772075234220509 
	2.21055571375533022 68.77253933193769342 -31.3891786594722042 
	2.971752920316550028 68.76698510475802095 -32.53017758644759994 
	3.019715551535569809 68.7671278142626079 -32.24631101337290318 
	2.874528299524130137 68.76930668443731065 -31.71565256111939846 
	2.420961397775569957 68.77352145663300576 -31.43772407116340517 
	2.210578372381649892 68.77532546216340847 -31.38918388732080089 
	2.971786221585480003 68.76976221855530014 -32.53011958798740011 
	3.019729664875660635 68.76990527097939321 -32.24626205669019896 
	2.874524187674079911 68.77208653112180059 -31.71563638332749946 
	2.420975077953679833 68.77630570022159873 -31.4377269375671986 
	2.210601067918450013 68.77811159207290359 -31.38918912368540148 
	2.971819553663110458 68.77253933193769342 -32.53006159641520867 
	3.019742245313590256 68.77268266770299476 -32.24621299779280292 
	2.874520505748090038 68.77486639309250904 -31.71562021812680143 
	2.42098890760710983 68.77908995248979807 -31.43773027329789826 
	2.210623800367780056 68.78089772166519822 -31.38919436856660283 
	0 
	
	0 
	0 
	1 0.5714285714285709528 
	0 
	0 
	0 
	F 1 F 0 F 1 F 0 } I I I I #
tcoedge-coedge $-1 -1 $-1 $437 $438 $348 $396 forward $324 $439 0 0.1279377562236807542 #
coedge $-1 -1 $-1 $379 $379 $440 $441 reversed $326 $-1 #
coedge $-1 -1 $-1 $380 $380 $327 $381 forward $442 $-1 #
edge $-1 -1 $-1 $443 -3.14159265358979356 $443 3.141592653589792672 $327 $444 forward @7 unknown #
coedge $-1 -1 $-1 $445 $328 $361 $424 reversed $263 $-1 #
edge $-1 -1 $-1 $426 -0.8310902090836600475 $336 -0 $328 $446 forward @7 unknown #
tcoedge-coedge $-1 -1 $-1 $329 $445 $436 $447 reversed $263 $448 -0.1515815993050919908 -0 #
coedge $-1 -1 $-1 $449 $331 $329 $386 forward $345 $-1 #
edge $-1 -1 $-1 $337 0.09892416992948850629 $450 1.9410758300705373 $329 $451 forward @7 unknown #
straight-curve $-1 -1 $-1 -15.73939273927090099 68.77253933193769342 -27.24772668827380429 -0.08145616025027507812 9.999650578348333596 0.01879374617052325183 F 0 F 0.0008358681797942982923 #
ellipse-curve $-1 -1 $-1 -15.96427684189370133 68.78089772166519822 -28.22211221016450367 -0.008158863998489069777 0.9999649440810169931 0.0018824312213322899 -0.9592736966434728396 -0.008358389727494138638 0.2823545860246045036 1 F -3.578560160873172419e-08 F 1.511294657121217577 #
point $-1 -1 $-1 -16.92355054684639626 68.7725393340821114 -27.93975765899884323 #
point $-1 -1 $-1 -15.73939273927090099 68.77253933193769342 -27.24772668827380429 #
pcurve $-1 -1 $-1 0 forward { exppc nubs 3 open 10 
	0 3 0.05008503831496968761 3 0.1490538109669181099 3 0.2061269764539831184 3 0.3313177125391354449 3 
	0.3396873780429186529 3 0.4676949377177549438 3 0.4952686465800000271 3 0.5657027057458665631 3 0.6639438853116683692 3 
	0.8541244356100800017 8.233514244358799417 
	0.8379461888163938221 8.231271585476163111 
	0.8217609919364200488 8.229062046551710807 
	0.8055688937855268739 8.22689669273918156 
	0.7735730695919611488 8.222617921745030145 
	0.7358379327955881788 8.217726777131293403 
	0.6931038784225279636 8.21271825922334564 
	0.6684600671291999197 8.209829954521310924 
	0.6421289260563922685 8.206903506331448384 
	0.6139560672158950183 8.204033631296709927 
	0.55215853231896872 8.197738522816123918 
	0.4902505848953455092 8.192624841503389987 
	0.4282354118817278121 8.189101698047608124 
	0.4240893682485137872 8.188866157198749107 
	0.4199651478380742597 8.188638996016706528 
	0.4158623270535176109 8.188420084083015027 
	0.3531128568175923021 8.185071995392636524 
	0.2950604948484617518 8.183639612752131143 
	0.2420940803909141792 8.183471109539617316 
	0.2306847503838480029 8.183434812788581425 
	0.2193000564969665722 8.183456379244837819 
	0.2079311635267588887 8.183535778781610759 
	0.1788905551662912374 8.183738596316922909 
	0.1499549783803568737 8.184317896474455623 
	0.1210058972590331988 8.185256691924898576 
	0.08062782008464298988 8.186566120538197211 
	0.04029197205684571098 8.188574664912849244 
	0 8.191235449844169736 
	4.117936531246371023e-05 
	spline forward { ref 3 } I I I I 
	} 0 0 #
pcurve $-1 -1 $-1 2 $452 0 0 #
coedge $-1 -1 $-1 $344 $449 $437 $453 reversed $345 $-1 #
point $-1 -1 $-1 -15.73946082588330242 68.78089772166519822 -27.2477109791794021 #
coedge $-1 -1 $-1 $454 $348 $455 $456 reversed $304 $-1 #
tedge-edge $-1 -1 $-1 $457 0 $398 0.1279377562236807542 $378 $458 forward @7 unknown 1.693595430544519488e-06 #
pcurve $-1 -1 $-1 -1 $458 0 0 #
tvertex-vertex $-1 -1 $-1 $396 $459 2.232034757820625484e-09 #
straight-curve $-1 -1 $-1 -11.73280592969300251 78.77253933193769342 -28.17213529500200409 9.744012309850679898 1.461504528510479896e-15 -2.248160160103890526 F -0.4364200101173699164 F 1.456202674372088612 #
intcurve-curve $-1 -1 $-1 forward { surfintcur full nubs 3 open 7 
	0 3 0.05008503831496968761 2 0.2061269764539831184 2 0.3313177125391354449 2 0.4676949377177549438 2 
	0.5657027057458665631 2 0.6639438853116683692 3 
	-17.07929783737740337 78.77253933193769342 -27.66627157234722034 
	-17.16269659359058508 78.77253933193769342 -27.81089865351347967 
	-17.25313321780700448 78.77253933193787816 -27.95149286216058826 
	-17.65249568476802722 78.77253933193787816 -28.5105989413119616 
	-18.10505160262994195 78.77253933193773605 -29.0106913734505909 
	-19.31354249994130612 78.77253933193773605 -29.76577781951392865 
	-19.91508472554252407 78.77253933193765079 -30.00094329535126647 
	-21.21872372496046211 78.77253933193765079 -30.2385052461201127 
	-21.86532139286348553 78.77253933193770763 -30.20731403156664641 
	-22.8357282708594056 78.77253933193770763 -30.00598621968308777 
	-23.2275981695330529 78.77253933193767921 -29.87108199899010685 
	-23.96851255018989946 78.77253933193767921 -29.50882444645213809 
	-24.31681407055840793 78.77253933777289774 -29.28156401135341369 
	-24.6315633891782042 78.77253933777289774 -29.01436061179393988 
	0.00021011540500947377 
	
	spline forward { ref 3 } I I I I 
	plane -7.729885961480000844 78.77253933193769342 -33.51266465528350125 -2.867068208441409832e-16 1 -5.925602129037930186e-16 0 5.925602129037930186e-16 1 forward_v I I I I 
	nubs 3 open 7 
	0 3 0.05008503831496968761 3 0.2061269764539831184 3 0.3313177125391354449 3 0.4676949377177549438 3 
	0.5657027057458665631 3 0.6639438853116683692 3 
	0.8541244356100793356 8.233514244358799417 
	0.837946188816393267 8.231271585476163111 
	0.8217609919364181614 8.229062046551728571 
	0.8055688937855250975 8.2268966927392011 
	0.7551217650020114469 8.22015044641432624 
	0.6909825902564711297 8.211880065935757145 
	0.6139560672158947963 8.20403363129671348 
	0.552158532318968498 8.197738522816129247 
	0.4902505848953457313 8.192624841503384658 
	0.4282354118817279787 8.189101698047602795 
	0.3606788379766381336 8.185263742113875196 
	0.2985236588449518003 8.183650630191481312 
	0.2420940803909143735 8.183471109539617316 
	0.2015408499830964595 8.183342096660956244 
	0.1612880400286869631 8.183950374387293891 
	0.1210058972590329629 8.185256691924896799 
	0.08062782008464253192 8.186566120538195435 
	0.04029197209326934592 8.188574665500176764 
	0 8.191235450430713882 
	
	nullbs 
	I I 
	0 
	0 
	3 0.1490538109669181099 0.3396873780429186529 0.4952686465800000271 
	} F 0 F 0.6639438853116683692 #
DXID-attrib $-1 -1 $-1 $-1 $351 @10 ASM ENTITY @2 52 #
plane-surface $-1 -1 $-1 -7.729885961480000844 78.77253933193769342 -33.51266465528350125 -2.867068208441409832e-16 1 -5.925602129037930186e-16 0 5.925602129037930186e-16 1 forward_v I I I I #
coedge $-1 -1 $-1 $355 $354 $460 $461 forward $271 $-1 #
tcoedge-coedge $-1 -1 $-1 $462 $463 $354 $405 forward $464 $465 -8.191235449895980736 -7.181324322782580261 #
tedge-edge $-1 -1 $-1 $466 -8.191235449895980736 $414 -7.181324322782580261 $354 $467 forward @7 tangent 3.347606699139880067e-06 #
pcurve $-1 -1 $-1 0 forward { exppc nubs 3 open 2 
	7.181324322782580261 3 8.191235449895980736 3 
	-0.6873813471142228293 0.8857810337989695526 
	-0.7654921397199053734 0.8797511830981918912 
	-0.8435961962887430499 0.8734743578676336107 
	-0.9216924420552841113 0.8669157248152421502 
	3.047557719802021925e-06 
	cone -7.123976775414779944e-15 39.43626966596890071 0 1.806453002719559958e-16 -1 0 43.01568651670159937 7.770581607213889072e-15 0 1 I I -0.1249999999999996114 -0.9921567416492215186 43.01568651670159937 forward I I I I 
	} 0 0 #
tcoedge-coedge $-1 -1 $-1 $468 $469 $355 $408 forward $470 $471 -1.575548006277700086 -0.565636879164295947 #
tedge-edge $-1 -1 $-1 $413 -1.575548006277700086 $472 -0.565636879164295947 $355 $473 forward @7 tangent 3.346611500325499161e-06 #
pcurve $-1 -1 $-1 0 forward { exppc nubs 3 open 2 
	0.565636879164295947 3 1.575548006277700086 3 
	-0.9216924420553406216 1.821168499616556247 
	-0.8435961962893869792 1.814609866576045283 
	-0.7654921397256164717 1.808333041437352406 
	-0.6873813471143468412 1.802303190633956831 
	3.047841950253141924e-06 
	cone -7.123976775414779944e-15 39.43626966596890071 0 1.806453002719559958e-16 -1 0 43.01568651670159937 7.770581607213889072e-15 0 1 I I -0.1249999999999996114 -0.9921567416492215186 43.01568651670159937 forward I I I I 
	} 0 0 #
coedge $-1 -1 $-1 $474 $356 $469 $475 reversed $412 $-1 #
coedge $-1 -1 $-1 $356 $476 $462 $477 reversed $412 $-1 #
loop $-1 -1 $-1 $478 $479 $480 #
tvertex-vertex $-1 -1 $-1 $357 $481 8.878523124766814712e-10 #
tvertex-vertex $-1 -1 $-1 $357 $482 9.891577306771376436e-10 #
ellipse-curve $-1 -1 $-1 -1.242343601808280186e-14 68.77253933193779289 0 -2.867068208441409832e-16 1 -5.925602129037930186e-16 39.31966394858339697 1.127321584735833099e-14 -2.147544492224801402e-30 1 F -1.802303190647168929 F -0.8857810337842308979 #
coedge $-1 -1 $-1 $483 $358 $484 $485 forward $240 $-1 #
coedge $-1 -1 $-1 $365 $486 $358 $418 reversed $304 $-1 #
edge $-1 -1 $-1 $421 -1.919504974503525307 $487 -1.675596108245412275 $358 $488 forward @7 unknown #
coedge $-1 -1 $-1 $359 $359 $489 $490 forward $420 $-1 #
loop $-1 -1 $-1 $-1 $359 $491 #
vertex $-1 -1 $-1 $360 $492 #
ellipse-curve $-1 -1 $-1 -1.42298890208023985e-14 78.77253933193769342 0 2.867068208441409832e-16 -1 5.925602129037930186e-16 38.05978237188600133 1.091199920586331672e-14 -2.078732822205697092e-30 1 F -1.960999227565176861 F -1.919504974503525307 #
tcoedge-coedge $-1 -1 $-1 $361 $483 $493 $494 reversed $240 $495 0.5656368791643020533 1.575548006277710078 #
edge $-1 -1 $-1 $496 1.339289462942359066 $426 2.255811619805855095 $361 $497 forward @7 unknown #
pcurve $-1 -1 $-1 0 forward { exppc nubs 1 open 2 
	-8.191235449895980736 1 -7.181324322782569602 1 
	0 8.191235449895975407 
	0 7.181324322782569602 
	0 
	spline forward { ref 3 } I I I I 
	} 0 0 #
tvertex-vertex $-1 -1 $-1 $424 $498 9.494857364476962713e-10 #
intcurve-curve $-1 -1 $-1 forward { exactcur full nubs 3 open 2 
	-8.191235449895980736 3 -7.181324322782569602 3 
	-24.63156338930760469 78.77253933247850171 -29.01436061255900256 
	-24.71303379865760519 75.43952414183220867 -29.4960309450138034 
	-24.79483517246160318 72.10617544810159529 -29.97426108448950188 
	-24.87695587012390064 68.77253933202730707 -30.4495162482443007 
	0 
	
	null_surface 
	null_surface 
	nullbs 
	nullbs 
	I I 
	0 
	0 
	0 
	F 1 F 0 } F -8.191235449895980736 F -7.181324322782569602 #
coedge $-1 -1 $-1 $489 $489 $365 $429 reversed $499 $-1 #
edge $-1 -1 $-1 $421 -1.447169045379836261 $367 4.303358579649875004 $428 $500 forward @7 unknown #
point $-1 -1 $-1 -24.63156338105592624 78.7725393331600543 -29.01436059713939386 #
point $-1 -1 $-1 -14.47703052194789919 78.77253933193769342 -35.19890085587780959 #
point $-1 -1 $-1 39.5 79.37253933193770195 0 #
DXID-attrib $-1 -1 $-1 $-1 $375 @10 ASM ENTITY @2 27 #
face $501 -1 $-1 $502 $503 $4 $-1 $504 forward single #
plane-surface $-1 -1 $-1 -16.70331106880560057 68.77253933193779289 -27.02532931056699894 0.2248160160103890859 4.951200520648952257e-16 0.9744012309850683673 0.9744012309850684783 1.461504528510480438e-16 -0.2248160160103890859 forward_v I I I I #
tcoedge-coedge $-1 -1 $-1 $505 $506 $384 $447 forward $376 $507 0 0.1515815993050919908 #
coedge $-1 -1 $-1 $508 $378 $393 $453 forward $324 $509 #
tcoedge-coedge $-1 -1 $-1 $378 $508 $510 $511 forward $324 $512 0 1.003664160732840704 #
pcurve $-1 -1 $-1 0 forward { exppc nubs 3 open 12 
	0 3 0.01313070388099030032 3 0.02656077606706579858 3 0.03904126977638049806 3 0.05245387440056990119 3 
	0.0657384442780076933 3 0.07313660907613500628 3 0.07812484566538710484 3 0.0914588515637699967 3 0.1030253324304510054 3 
	0.1163574643194450059 3 0.1279377562236807542 3 
	6.810281798913509338e-15 1.003664160732842037 
	0.03432052137083736743 1.003608969715706234 
	0.06853204125283529624 1.003541560670002886 
	0.1027067600251483914 1.003462967716487686 
	0.1376606318214240732 1.003382582913921572 
	0.1725760104114871796 1.003290496111789665 
	0.2075302442010404924 1.003187593544978107 
	0.2400130252970901767 1.003091966744170893 
	0.2725293644137821714 1.00298699543230585 
	0.3051413590103985163 1.00287325416435924 
	0.3401889941215124891 1.002751018082040924 
	0.3751201951784937094 1.002619450281467373 
	0.4100121242157124257 1.002479473924546394 
	0.4445709800413419344 1.002340833761296235 
	0.4790913118701148332 1.002193941424066148 
	0.5136480334183113339 1.002039531322262089 
	0.532892639999873019 1.001953540477983351 
	0.5521485310946687708 1.001865215483704219 
	0.5714286351407276143 1.001774666747219378 
	0.5844283077719026886 1.001713613968216787 
	0.597438987671217614 1.001651549975183686 
	0.6104646438048642043 1.001588539699522551 
	0.6452833964058490857 1.001420107554757077 
	0.6800260024872546438 1.001245809782935536 
	0.7147689987577252602 1.001067001787474098 
	0.7449065436692889897 1.000911896166996939 
	0.7750443822502430802 1.000753392427087052 
	0.8052324687940333181 1.000592322966760817 
	0.8400288390917233228 1.000406665867327627 
	0.8747493946956931277 1.000218363881077321 
	0.9094707982484782072 1.000028709849277053 
	0.9396298149619227713 0.9998639763267355152 
	0.9697894705020155826 0.9996982192139037826 
	0.9999999984103838946 0.9995322672742639192 
	4.644147731353653315e-09 
	spline forward { ref 8 } I I I I 
	} 0 0 #
coedge $-1 -1 $-1 $440 $440 $379 $441 forward $513 $-1 #
edge $-1 -1 $-1 $514 -3.141592653589800666 $514 3.141592653589785566 $379 $515 forward @7 unknown #
loop $-1 -1 $-1 $516 $380 $517 #
vertex $-1 -1 $-1 $381 $518 #
ellipse-curve $-1 -1 $-1 -2.951591202236320655 68.77253933193779289 -35.03324291833259707 2.867068208441409832e-16 -1 5.925602129037930186e-16 0.3372240240155879309 9.627715291671224154e-16 1.461601846477601718 1 I I #
coedge $-1 -1 $-1 $384 $382 $519 $520 reversed $263 $-1 #
intcurve-curve $-1 -1 $-1 forward { surfintcur full nubs 3 open 7 
	-0.8310902090836600475 3 -0.6740658697611485728 2 -0.5164173520868908795 2 -0.3710875320694581037 2 -0.2574867807872130987 2 
	-0.1490486498073459176 2 -0 3 
	-24.87695587012598608 68.77253933193956925 -30.44951624825682757 
	-24.49285850607272153 68.77253933193956925 -30.76332025636296663 
	-24.06144895550445639 68.77253933193777868 -31.01855231036756066 
	-23.14064595680417469 68.77253933193777868 -31.39262358284989674 
	-22.6561532224197606 68.77253933193779289 -31.5084430374729294 
	-21.70622450307524076 68.77253933193779289 -31.58982794334954747 
	-21.02697427959375887 68.77253933193779289 -31.58804812452032351 
	-19.61330898992147809 68.77253933193779289 -31.13562528598727397 
	-19.03129021876188176 68.77253933193786395 -30.81621700178833123 
	-18.05503852535874998 68.77253933193786395 -29.99917553067334453 
	-17.74539159745750183 68.77253933193782132 -29.59023449782068127 
	-17.27575568810216211 68.77253933193782132 -28.87185607642517482 
	-17.06383546884517344 68.77253933203905945 -28.41636971913777643 
	-16.92355055246709838 68.77253933203905945 -27.93975768484777689 
	0.000611126284418734146 
	
	plane -7.729885961480000844 68.77253933193779289 -33.51266465528350125 -2.867068208441409832e-16 1 -5.925602129037930186e-16 0 5.925602129037930186e-16 1 forward_v I I I I 
	spline forward { ref 3 } I I I I 
	nullbs 
	nubs 3 open 7 
	-0.8310902090836600475 3 -0.6740658697611485728 3 -0.5164173520868908795 3 -0.3710875320694581037 3 -0.2574867807872130987 3 
	-0.1490486498073459176 3 -0 3 
	0 7.181324322773709135 
	0.04886220720273795615 7.178273495896569933 
	0.09778086346942377327 7.176164321447587646 
	0.1467520115011580195 7.175071775652510198 
	0.1959178219055757175 7.173974886941955731 
	0.2445802855805987164 7.173920212925011697 
	0.2935614868381359877 7.17489141777667605 
	0.3387152838291362378 7.175786732419495273 
	0.4042154958626338335 7.177933623079861825 
	0.4863204341428246091 7.183854375882636312 
	0.5504998480545270079 7.188482482946080054 
	0.6145867631974021306 7.194629995122891586 
	0.6785634950561768575 7.201857229995739296 
	0.7396327850974825369 7.208756021006522019 
	0.7891973665105822544 7.21526799949492581 
	0.8245687498610705379 7.219988230532408124 
	0.8731868594002983874 7.226476207192999546 
	0.9217796322597182623 7.233315338136489636 
	0.9703454297915400373 7.240218100365112264 
	
	I I 
	0 
	0 
	3 -0.6084616491998444676 -0.4155884914580140754 -0.2487413245664121253 
	} F -0.8310902090836600475 F -0 #
tedge-edge $-1 -1 $-1 $450 0 $521 0.1515815993050919908 $384 $522 forward @7 unknown 8.964618359861922625e-07 #
pcurve $-1 -1 $-1 -1 $522 0 0 #
coedge $-1 -1 $-1 $393 $385 $506 $523 reversed $345 $-1 #
tvertex-vertex $-1 -1 $-1 $447 $524 1.010539145487532665e-11 #
straight-curve $-1 -1 $-1 -16.70331106880560057 68.77253933193779289 -27.02532931056699894 9.744012309850679898 1.461504528510479896e-15 -2.248160160103890526 F 0.09892416992948850629 F 1.9410758300705373 #
intcurve-curve $-1 -1 $-1 forward { ref 25 } I I #
edge $-1 -1 $-1 $398 -0.9995322671487160138 $525 0 $437 $526 forward @14 tangent_not_g2 #
coedge $-1 -1 $-1 $486 $395 $483 $527 reversed $304 $-1 #
coedge $-1 -1 $-1 $510 $493 $395 $456 forward $528 $529 #
edge $-1 -1 $-1 $530 0 $457 0.9791007355422787217 $455 $531 forward @7 unknown #
tvertex-vertex $-1 -1 $-1 $396 $532 0.0005371706292688656478 #
intcurve-curve $-1 -1 $-1 forward { parcur full nubs 3 open 12 
	0 3 0.01313070388099030032 3 0.02656077606706579858 3 0.03904126977638049806 3 0.05245387440056990119 3 
	0.0657384442780076933 3 0.07313660907613500628 3 0.07812484566538710484 3 0.0914588515637699967 3 0.1030253324304510054 3 
	0.1163574643194450059 3 0.1279377563997100009 3 
	3.230158783173060488 78.77253933193769342 -32.35211450806730227 
	3.227153713795000378 78.77253933193769342 -32.30844877720790009 
	3.221162812306177514 78.77253933193769342 -32.26516648831010059 
	3.212373562561667839 78.77253933193769342 -32.22250460057635735 
	3.203383925783618746 78.77253933193769342 -32.17887005995680028 
	3.191466570284577031 78.77253933193769342 -32.13588348464320177 
	3.176767833608202807 78.77253933193769342 -32.09380452115873794 
	3.163108376824748547 78.77253933193769342 -32.05470076715160133 
	3.147046100596497809 78.77253933193769342 -32.01638020013449903 
	3.128661784204931351 78.77253933193769342 -31.97906796923332351 
	3.108904427421677497 78.77253933193769342 -31.93896905869500102 
	3.086594262651410681 78.77253933193769342 -31.9002952825048034 
	3.061888124933029864 78.77253933193769342 -31.86329772107252012 
	3.037417828363671024 78.77253933193769342 -31.82665333290830745 
	3.010596501541230374 78.77253933193769342 -31.79165233984939931 
	2.981532461202955897 78.77253933193769342 -31.75856264296562159 
	2.965346723756750347 78.77253933193769342 -31.74013502107609952 
	2.948464701161880086 78.77253933193769342 -31.72230067186410096 
	2.930900065432890944 78.77253933193769342 -31.70511082576395978 
	2.91905705287356021 78.77253933193769342 -31.69352051632640155 
	2.906903629490385832 78.77253933193769342 -31.68222329632040513 
	2.894453090687523211 78.77253933193769342 -31.67122747598666521 
	2.861171678536157614 78.77253933193769342 -31.64183465738950218 
	2.82594523483320037 78.77253933193769342 -31.61474740964630215 
	2.789066435069373906 78.77253933193769342 -31.59008039694295888 
	2.75707620384364871 78.77253933193769342 -31.56868318648379912 
	2.723841543370618012 78.77253933193769342 -31.54910742550649871 
	2.689535607677360218 78.77253933193769342 -31.53145415751037461 
	2.649992788689488066 78.77253933193769342 -31.51110607585020063 
	2.609189595383268223 78.77253933193769342 -31.49339487844790142 
	2.567401940467053389 78.77253933193769342 -31.47845429326378763 
	2.531105176130468148 78.77253933193769342 -31.4654768983713069 
	2.494064750785879081 78.77253933193769342 -31.45459025709289946 
	2.456450853310838678 78.77253933193769342 -31.44591213216630265 
	0 
	
	plane -7.729885961480000844 78.77253933193769342 -33.51266465528350125 -2.867068208441409832e-16 1 -5.925602129037930186e-16 0 5.925602129037930186e-16 1 forward_v I I I I 
	null_surface 
	nubs 3 open 12 
	0 3 0.01313070388099030032 2 0.02656077606706579858 2 0.03904126977638049806 2 0.05245387440056990119 2 
	0.0657384442780076933 2 0.07313660907613500628 2 0.07812484566538710484 2 0.0914588515637699967 2 0.1030253324304510054 2 
	0.1163574643194450059 2 0.1279377563997100009 3 
	1.160550147216201422 10.96004474465306089 
	1.204215878075602708 10.95703967527500033 
	1.247498166973399547 10.95104877378617836 
	1.333794595326702526 10.93326988726362003 
	1.376781170640301921 10.92135253176457788 
	1.457963888131898811 10.89299433830474939 
	1.496284455149003767 10.87693206207649865 
	1.573695596588504442 10.83879038890167834 
	1.612369372778701182 10.81648022413141064 
	1.686011322375198018 10.76730378984367142 
	1.721012315434102602 10.74048246302123033 
	1.772529634207402394 10.69523268523674986 
	1.790363983419402727 10.67835066264188093 
	1.819144138957100365 10.64894301435356105 
	1.830441358963099452 10.63678959097038756 
	1.870829997894003283 10.59105764001615846 
	1.897917245637201544 10.55583119631319988 
	1.943981468799704571 10.48696216532365 
	1.963557229777004309 10.45372750485061886 
	2.001558579433302398 10.37987875016948891 
	2.01926977683560116 10.33907555686326951 
	2.047187756912198342 10.26099113761046944 
	2.05807439819060356 10.22395071226588037 
	2.066752523117201257 10.18633681479083997 
	
	nullbs 
	I I 
	0 
	10 0.01313070388099030032 0.02656077606706579858 0.03904126977638049806 0.05245387440056990119 0.0657384442780076933 0.07313660907613500628 0.07812484566538710484 0.0914588515637699967 0.1030253324304510054 0.1163574643194450059 
	0 
	surf1 } F 0 F 0.1279377562236807542 #
point $-1 -1 $-1 2.456450855026118152 78.77253933154869969 -31.44591213256204298 #
coedge $-1 -1 $-1 $533 $534 $403 $461 reversed $535 $-1 #
edge $-1 -1 $-1 $466 0.8669157246656120641 $472 1.821168499766076421 $403 $536 forward @7 unknown #
coedge $-1 -1 $-1 $537 $404 $411 $477 forward $464 $538 #
coedge $-1 -1 $-1 $404 $537 $533 $539 forward $464 $540 #
loop $-1 -1 $-1 $-1 $462 $541 #
pcurve $-1 -1 $-1 0 forward { exppc nubs 1 open 2 
	-8.191235449895980736 1 -7.181324322782580261 1 
	0 8.191235449895978959 
	4.424898613692385771e-15 7.181324322782580261 
	0 
	spline forward { exactsur full nubs 3 3 open open none none 5 2 
	0 3 0.285714285714285976 1 0.5714285714285709528 1 0.7142857142857139685 1 1 3 
	7.173649258090397218 3 8.254361316167470264 3 
	24.8788282139593484 68.69653495226874895 30.46035118383016993 
	24.12869546429421419 68.75539653103723481 31.06345530377649311 
	22.26856834568708621 68.80124346636387145 31.82757720573472682 
	19.80408020804289393 68.66058880404614229 31.36859239502502561 
	17.82623792173287214 68.40621667438684028 29.96652875300856778 
	17.08342241338621292 68.20567796299994257 28.67281400772084154 
	16.86873734297572014 68.07153495226874895 27.74232255708561823 
	24.7909451613084002 72.26388396898518351 29.95182609314351296 
	24.04234910178071871 72.32388668423580214 30.56153997034499525 
	22.17998309571935778 72.37154191538616033 31.33832755246331203 
	19.70539566713806323 72.23113768741016827 30.88676580663783611 
	17.71796318561376538 71.97565534992114067 29.48472126417309624 
	16.97138090537543675 71.77387537368741732 28.18745531032792684 
	16.75607822794880875 71.63888396898518351 27.25403358945797194 
	24.70342769066692767 75.83090427136693279 29.43989872527173191 
	23.95637975277568898 75.89210878010304384 30.05651459450716345 
	22.09193682867910269 75.94168651405743731 30.84656312102307041 
	19.60683632996228454 75.80154218487624007 30.40279298208229264 
	17.60936700552164069 75.5449003879191423 29.00093487341337806 
	16.85898621518072815 75.34177441057889268 27.69977554501882011 
	16.64289361327195138 75.205904271366947 26.76346699270522933 
	24.61629001526119964 79.39753933193779289 28.92399778987620351 
	23.8711133087391012 79.46003438328290258 29.54785473921120342 
	22.00449220157139862 79.51166882382359802 30.35191616514870461 
	19.50839754781920021 79.37181732323580263 29.91649536959920397 
	17.50039706937840123 79.1139152655847937 28.51478693943310105 
	16.74586422403989872 78.90937590536499613 27.2097638876870036 
	16.52909830475569919 78.77253933193779289 26.27025351678680209 
	0 
	
	0 
	0 
	3 0.285714285714285976 0.5714285714285709528 0.7142857142857139685 
	0 
	0 
	0 
	F 1 F 0 F 1 F 0 } I I I I 
	} 0 0 #
tvertex-vertex $-1 -1 $-1 $405 $542 3.90250060459240839e-08 #
intcurve-curve $-1 -1 $-1 forward { exactcur full nubs 3 open 2 
	-8.191235449895980736 3 -7.181324322782580261 3 
	24.63156339152320129 78.77253933507010686 29.01436066485279852 
	24.71303381355700068 75.43952415921870625 29.4960312967026006 
	24.79483517268329962 72.1061754483603039 29.97426108972220504 
	24.87695587012630227 68.77253933203020608 30.44951624830270376 
	0 
	
	null_surface 
	null_surface 
	nullbs 
	nullbs 
	I I 
	0 
	0 
	0 
	F 1 F 0 } F -8.191235449895980736 F -7.181324322782580261 #
coedge $-1 -1 $-1 $543 $407 $534 $544 forward $470 $545 #
coedge $-1 -1 $-1 $407 $543 $410 $475 forward $470 $546 #
loop $-1 -1 $-1 $-1 $468 $547 #
pcurve $-1 -1 $-1 0 forward { exppc nubs 1 open 2 
	-1.575548006277700086 1 -0.565636879164295947 1 
	0 1.575548006277698976 
	0 0.5656368791643003879 
	0 
	spline forward { exactsur full nubs 3 3 open open none none 5 2 
	0 3 0.285714285714285976 1 0.5714285714285709528 1 0.7142857142857139685 1 1 3 
	0.5025110128928079734 3 1.583224793412889131 3 
	-9.455725169081070192 79.39753933193779289 36.78516880199170203 
	-8.512548806235420429 79.46003438328290258 37.01948518158580015 
	-6.482332531654000363 79.51167001468979834 36.92446824417739748 
	-4.429321077481350066 79.37181813690600052 35.4394648568685966 
	-3.238415529261410519 79.11391621396039397 33.29969869805719895 
	-3.131920888055630403 78.90937590536499613 31.796010614299 
	-3.34868680733992008 78.77253933193779289 30.85650024339880204 
	-9.308026789843953708 75.83089858685032425 37.28709789159073296 
	-8.366340826993573287 75.89210309352952777 37.51408531259590973 
	-6.344221927478495004 75.94168201507217475 37.40742625382709718 
	-4.304751342525818814 75.80153730822830482 35.9197342891473852 
	-3.123378004696284904 75.5448956479852427 33.78444751945708191 
	-3.018922931186065917 75.34176872452194118 32.28605171167373555 
	-3.234891317456209947 75.20589858685032425 31.34971450540286142 
	-9.162410731415896237 72.26387259824844023 37.78562145872551525 
	-8.222357104645203307 72.32387531261208835 38.00572632047392574 
	-6.207915089573959655 72.37153167401591247 37.88805641029184557 
	-4.18130863093895222 72.23112708705117768 36.39796657490015264 
	-3.009039353056932153 71.97564487382160792 34.26690952576770854 
	-2.906292766575970354 71.77386400945471223 32.77367801148877646 
	-3.121706524447410036 71.63887259824842602 31.84028187508459951 
	-9.018613912274052069 68.69651789530566077 38.28124684070309769 
	-8.080074720969706803 68.75537946612756457 38.49473677445005393 
	-6.073194506556926164 68.80122753046096307 38.36666240633807234 
	-4.058918705397985605 68.660572501699491 36.87432454508690682 
	-2.895278540745289675 68.40620051196226825 34.74745208028933519 
	-2.794362267328958538 68.2056608940553275 33.25906303138701503 
	-3.00904723044934741 68.07151789530567498 32.32857161841209148 
	0 
	
	0 
	0 
	3 0.285714285714285976 0.5714285714285709528 0.7142857142857139685 
	0 
	0 
	0 
	F 1 F 0 F 1 F 0 } I I I I 
	} 0 0 #
tvertex-vertex $-1 -1 $-1 $461 $548 3.899557198712679638e-08 #
intcurve-curve $-1 -1 $-1 forward { exactcur full nubs 3 open 2 
	-1.575548006277700086 3 -0.565636879164295947 3 
	-9.02167854464346064 68.77253933202059955 38.27068446405989732 
	-9.156078721266819542 72.10617544791860212 37.80749133626289904 
	-9.292069203733991145 75.43952415916669452 37.34176418422200072 
	-9.429864680035409563 78.77253933506550254 36.87308899472279933 
	0 
	
	null_surface 
	null_surface 
	nullbs 
	nullbs 
	I I 
	0 
	0 
	0 
	F 1 F 0 } F -1.575548006277700086 F -0.565636879164295947 #
coedge $-1 -1 $-1 $479 $410 $549 $550 reversed $412 $-1 #
edge $-1 -1 $-1 $551 -0.7700319934398548449 $413 -0 $410 $552 forward @7 unknown #
coedge $-1 -1 $-1 $411 $553 $554 $555 reversed $412 $-1 #
edge $-1 -1 $-1 $414 -0.9209952086070858357 $556 -0 $411 $557 forward @7 unknown #
loop $-1 -1 $-1 $558 $559 $480 #
coedge $-1 -1 $-1 $560 $474 $561 $562 reversed $412 $-1 #
face $563 -1 $-1 $564 $412 $4 $-1 $565 reversed single #
point $-1 -1 $-1 -9.021678544990688664 68.77253933199649794 38.27068446326867246 #
point $-1 -1 $-1 24.87695587008779441 68.7725393320032623 30.44951624733961637 #
coedge $-1 -1 $-1 $423 $416 $454 $527 forward $240 $-1 #
coedge $-1 -1 $-1 $566 $566 $416 $485 reversed $567 $-1 #
edge $-1 -1 $-1 $487 -1.675596108245412275 $568 -1.634101855183761165 $416 $569 forward @7 unknown #
coedge $-1 -1 $-1 $417 $454 $570 $571 forward $304 $-1 #
vertex $-1 -1 $-1 $418 $572 #
ellipse-curve $-1 -1 $-1 -1.42298890208023985e-14 78.77253933193769342 0 2.867068208441409832e-16 -1 5.925602129037930186e-16 38.05978237188600133 1.091199920586331672e-14 -2.078732822205697092e-30 1 F -1.919504974503525307 F -1.675596108245412275 #
coedge $-1 -1 $-1 $428 $428 $419 $490 reversed $499 $-1 #
edge $-1 -1 $-1 $367 -1.979826727529711228 $421 -1.447169045379836261 $419 $573 forward @7 unknown #
face $574 -1 $-1 $575 $420 $4 $-1 $576 forward single #
point $-1 -1 $-1 -13.00443621717429998 78.77253933193769342 -35.76914414504170026 #
tcoedge-coedge $-1 -1 $-1 $455 $519 $423 $494 forward $528 $577 -1.575548006277710078 -0.5656368791643020533 #
tedge-edge $-1 -1 $-1 $496 -1.575548006277710078 $530 -0.5656368791643020533 $423 $578 forward @7 tangent 3.295484380458435115e-06 #
pcurve $-1 -1 $-1 0 forward { exppc nubs 3 open 2 
	0.5656368791643020533 3 1.575548006277710078 3 
	-0.9216924421155479052 -1.320424153129029499 
	-0.8435961966958629432 -1.32698278135287584 
	-0.7654921397314985443 -1.333259612076864276 
	-0.6873813471144089027 -1.339289462955036036 
	3.045989789001250488e-06 
	cone -7.123976775414779944e-15 39.43626966596890071 0 1.806453002719559958e-16 -1 0 43.01568651670159937 7.770581607213889072e-15 0 1 I I -0.1249999999999996114 -0.9921567416492215186 43.01568651670159937 forward I I I I 
	} 0 0 #
tvertex-vertex $-1 -1 $-1 $494 $579 8.522346071543497217e-10 #
ellipse-curve $-1 -1 $-1 -1.242343601808280186e-14 68.77253933193779289 0 -2.867068208441409832e-16 1 -5.925602129037930186e-16 39.31966394858339697 1.127321584735833099e-14 -2.147544492224801402e-30 1 F 1.339289462942359066 F 2.255811619805855095 #
point $-1 -1 $-1 -24.87695587008701281 68.77253933200061908 -30.44951624732043172 #
loop $-1 -1 $-1 $-1 $428 $580 #
ellipse-curve $-1 -1 $-1 -12.69560351208710181 78.77253933193769342 -32.7850827582285973 2.867068208441409832e-16 -1 5.925602129037930186e-16 2.923203692955203437 4.384513585531375987e-16 -0.6744480480311758619 1 F -1.447169045379836261 F 4.303358579649875004 #
DXID-attrib $-1 -1 $-1 $-1 $434 @10 ASM ENTITY @2 28 #
face $581 -1 $-1 $480 $582 $4 $-1 $583 forward single #
loop $-1 -1 $-1 $-1 $584 $434 #
cone-surface $-1 -1 $-1 -6.471577116502400528 68.77253933193779289 12.87313663245230266 -3.330669073875470114e-16 1 -6.661338147750940229e-16 -0.8479746474663514277 -6.355077213264425569e-16 -0.5300367885857706352 1 I I 0 1 1 forward I I I I #
tcoedge-coedge $-1 -1 $-1 $506 $436 $508 $585 reversed $376 $586 -1.511294692479705493 5.334274688628707848e-15 #
coedge $-1 -1 $-1 $436 $505 $449 $523 forward $376 $587 #
pcurve $-1 -1 $-1 0 forward { exppc nubs 3 open 13 
	0 3 0.01317784373974869964 3 0.02657356604033820138 3 0.03906521630214700169 3 0.05244225368633499695 3 
	0.06498791303711790035 3 0.07813026927437390079 3 0.09141175030676799984 3 0.1048635135646470012 3 0.1148557951390089954 3 
	0.1283108103146780032 3 0.1414661836890180047 3 0.1515815993050919908 3 
	1 0.1701841704711447578 
	0.9709394682322864956 0.1702208313029147935 
	0.9419707269539715488 0.1702574005259411549 
	0.9130315216881965679 0.1702936434961909717 
	0.8836138441837378954 0.1703304856969639902 
	0.85422668747198649 0.1703669917225669184 
	0.8248046577627785592 0.170402912778197857 
	0.7973683092872806411 0.1704364095358872067 
	0.7699016360538081249 0.170469398231029523 
	0.7423516111342924884 0.170501664115119439 
	0.7128488868697159253 0.1705362169507062819 
	0.6834407989111400683 0.1705697171563165249 
	0.6540622663227486644 0.1706019205320528642 
	0.6265095989051112646 0.1706321224796388814 
	0.5989829272222414458 0.1706611843832429587 
	0.5714285686348130611 0.1706888896931331445 
	0.5425636691249695609 0.1707179127234944582 
	0.5136683871356505504 0.1707454476851192338 
	0.4846810063200561736 0.1707713763761179171 
	0.4553867655057861064 0.1707975795478686165 
	0.4261805470164038989 0.1708219789065311134 
	0.3969985790506550538 0.1708444867575485693 
	0.3674424682888493554 0.170867283182329216 
	0.3379112336592555166 0.1708881398286450637 
	0.3083386175139934959 0.1709069330312579793 
	0.2863713927160918549 0.1709208930578056118 
	0.2643813341016647556 0.1709337138736434225 
	0.2423412847552490201 0.1709453306622168434 
	0.2126634583027401382 0.1709609731424036883 
	0.1830762711387614594 0.1709743379901196847 
	0.1535134323777571919 0.170985314540962996 
	0.1246089549893038134 0.1709960466451502792 
	0.09572775331768124119 0.1710044959378995144 
	0.06680787681755907814 0.1710105215196110473 
	0.04457083632923136696 0.1710151547034520769 
	0.02231093001082627356 0.1710183542151156588 
	0 0.1710200386509460047 
	1.201405408850838006e-09 
	spline reversed { ref 17 } I I I I 
	} 0 0 #
tcoedge-coedge $-1 -1 $-1 $438 $437 $505 $585 forward $324 $588 -5.334274688628707848e-15 1.511294692479705493 #
pcurve $-1 -1 $-1 0 forward { exppc nubs 1 open 2 
	-0.9995322671487160138 1 0 1 
	1 0.9995322671487248956 
	0.999999999999999889 0 
	0 
	spline forward { ref 8 } I I I I 
	} 0 0 #
tcoedge-coedge $-1 -1 $-1 $519 $455 $438 $511 reversed $528 $589 -1.003664160732840704 -0 #
tedge-edge $-1 -1 $-1 $521 0 $457 1.003664160732840704 $438 $590 forward @14 tangent_not_g2 0.0005702394750723714699 #
pcurve $-1 -1 $-1 0 forward { exppc nubs 1 open 2 
	0 1 1.003664160732840704 1 
	-3.999203576712162193e-08 8.510575115807141588e-10 
	-2.638498749188031769e-08 1.003664161208686734 
	5.912056407344798794e-05 
	spline forward { ref 8 } I I I I 
	} 0 0 #
loop $-1 -1 $-1 $591 $440 $592 #
vertex $-1 -1 $-1 $441 $593 #
ellipse-curve $-1 -1 $-1 -12.69560351208710181 68.77253933193769342 -32.7850827582285973 2.867068208441409832e-16 -1 5.925602129037930186e-16 0.3372240240155879309 9.627715291671224154e-16 1.461601846477601718 1 I I #
loop $-1 -1 $-1 $-1 $594 $517 #
face $595 -1 $-1 $592 $442 $4 $-1 $596 reversed single #
point $-1 -1 $-1 -3.288815226251910584 68.77253933193779289 -36.49484476481020323 #
coedge $-1 -1 $-1 $493 $510 $445 $520 forward $528 $597 #
edge $-1 -1 $-1 $521 -0.802159587884415104 $496 -0 $445 $598 forward @7 unknown #
tvertex-vertex $-1 -1 $-1 $520 $599 3.548119572597326913e-08 #
intcurve-curve $-1 -1 $-1 forward { parcur full nubs 3 open 13 
	0 3 0.01317784373974869964 3 0.02657356604033820138 3 0.03906521630214700169 3 0.05244225368633499695 3 
	0.06498791303711790035 3 0.07813026927437390079 3 0.09141175030676799984 3 0.1048635135646470012 3 0.1148557951390089954 3 
	0.1283108103146780032 3 0.1414661836890180047 3 0.1515815993050919908 3 
	2.210555713755328888 68.77253933193779289 -31.3891786594722042 
	2.253357404294459521 68.77253933193779289 -31.3990539605694039 
	2.295361499278349537 68.77253933193779289 -31.41181400410830094 
	2.336328728434293733 68.77253933193779289 -31.42724859772583201 
	2.377973297609320635 68.77253933193779289 -31.44293838233750193 
	2.418547491985376663 68.77253933193779289 -31.46139237705080305 
	2.45778620975630302 68.77253933193779289 -31.48244163414870656 
	2.494376721870357638 68.77253933193779289 -31.50207028514920538 
	2.529806494678199513 68.77253933193779289 -31.52395659927270444 
	2.563837597343550101 68.77253933193779289 -31.54799735617884693 
	2.600280767224099066 68.77253933193779289 -31.57374208142630323 
	2.634884124008349371 68.77253933193779289 -31.60179032584860437 
	2.667392767024343581 68.77253933193779289 -31.63196389474295955 
	2.697881009639031102 68.77253933193779289 -31.6602621872478025 
	2.726527364616839311 68.77253933193779289 -31.69043070923560279 
	2.753095960431812816 68.77253933193779289 -31.72235534354599196 
	2.780928212301639224 68.77253933193779289 -31.75579837791509874 
	2.806481027197201605 68.77253933193779289 -31.79116923015580198 
	2.829673140114778995 68.77253933193779289 -31.82820861830120407 
	2.853110764407959188 68.77253933193779289 -31.86564010487970222 
	2.873991480564849876 68.77253933193779289 -31.90454171869740208 
	2.8922809092285795 68.77253933193779289 -31.94461399975595839 
	2.910804827149049867 68.77253933193779289 -31.98520004860760224 
	2.926671002080918793 68.77253933193779289 -32.02698804692069956 
	2.939797548373472846 68.77253933193779289 -32.06969278564660897 
	2.949548251247109842 68.77253933193779289 -32.10141485551420715 
	2.957786341259160512 68.77253933193779289 -32.13364339874090092 
	2.964459981187890225 68.77253933193779289 -32.16626521382997339 
	2.973446309870660276 68.77253933193779289 -32.21019181996239666 
	2.979542746653198737 68.77253933193779289 -32.25456178051189937 
	2.982683147310567495 68.77253933193779289 -32.29908719000098927 
	2.985753611568937149 68.77253933193779289 -32.34262102320939647 
	2.985998352059558325 68.77253933193779289 -32.38630454218500176 
	2.983307431839745671 68.77253933193779289 -32.42987543654207627 
	2.981238332344158248 68.77253933193779289 -32.46337792200139916 
	2.977432651202947866 68.77253933193779289 -32.49681408436580199 
	2.971819553663108682 68.77253933193779289 -32.53006159641520867 
	0 
	
	plane -7.729885961480000844 68.77253933193779289 -33.51266465528350125 -2.867068208441409832e-16 1 -5.925602129037930186e-16 0 5.925602129037930186e-16 1 forward_v I I I I 
	null_surface 
	nubs 3 open 13 
	0 3 0.01317784373974869964 2 0.02657356604033820138 2 0.03906521630214700169 2 0.05244225368633499695 2 
	0.06498791303711790035 2 0.07813026927437390079 2 0.09141175030676799984 2 0.1048635135646470012 2 0.1148557951390089954 2 
	0.1283108103146780032 2 0.1414661836890180047 2 0.1515815993050919908 3 
	2.123485995811300153 9.940441675235328844 
	2.113610694714100458 9.983243365774459477 
	2.1008506511752012 10.02524746075834905 
	2.069726272946001977 10.10785925908932015 
	2.051272278232700863 10.14843345346537795 
	2.010594370134297648 10.22426268335035893 
	1.988708056010799252 10.25969245615820036 
	1.938922573857202236 10.33016672870409991 
	1.910874329434899321 10.36477008548834888 
	1.852402468035702965 10.42776697111903061 
	1.822233946047901565 10.45641332609683971 
	1.756866277368404727 10.51081417378163962 
	1.721495425127703482 10.53636698867720156 
	1.647024550403801468 10.58299672588795914 
	1.608122936586102503 10.60387744204484939 
	1.527464606675903225 10.64069078862904938 
	1.485676608362802353 10.65655696356092008 
	1.411249799769298319 10.67943421272710935 
	1.379021256542602769 10.68767230273916091 
	1.302472835321104361 10.70333227135066068 
	1.258102874771602542 10.70942870813319914 
	1.170043632074104556 10.71563957304893755 
	1.126360113098501037 10.71588431353955961 
	1.049286733282101869 10.71112429382415954 
	1.015850570917699924 10.70731861268294871 
	0.9826030588682986844 10.70170551514310908 
	
	nullbs 
	I I 
	0 
	11 0.01317784373974869964 0.02657356604033820138 0.03906521630214700169 0.05244225368633499695 0.06498791303711790035 0.07813026927437390079 0.09141175030676799984 0.1048635135646470012 0.1148557951390089954 0.1283108103146780032 0.1414661836890180047 
	0 
	surf1 } F 0 F 0.1515815993050919908 #
edge $-1 -1 $-1 $525 -9.769621233053500068e-15 $450 0.0008358681797943368899 $506 $600 forward @14 tangent_not_g2 #
point $-1 -1 $-1 2.21055571375533022 68.77253933193769342 -31.3891786594722042 #
tvertex-vertex $-1 -1 $-1 $453 $601 1.009947598300641342e-11 #
intcurve-curve $-1 -1 $-1 forward { exactcur full nubs 3 open 2 
	-0.9995322671487160138 3 0 3 
	2.456450852998020018 78.77253933077069803 -31.44591213209410085 
	2.316875049047330215 75.44384630132481107 -31.41370889262990218 
	2.23780729313364013 72.11255514708699366 -31.39546620438800062 
	2.210623800367780056 68.78089772166529769 -31.38919436856660283 
	0 
	
	null_surface 
	null_surface 
	nullbs 
	nullbs 
	I I 
	0 
	0 
	0 
	F 1 F 0 } F -0.9995322671487160138 F 0 #
edge $-1 -1 $-1 $568 -1.634101855183761165 $530 -1.320424153032180969 $483 $602 forward @7 unknown #
loop $-1 -1 $-1 $-1 $510 $603 #
pcurve $-1 -1 $-1 0 forward { exppc nubs 3 open 10 
	0 3 0.1205489113760272596 3 0.2409932360613785407 3 0.2852713699282273807 3 0.4951199928593837951 3 
	0.687368018106902956 3 0.7642149584982043109 3 0.902768648790541306 3 0.9430871511477616487 3 0.9791007355422787217 3 
	0 0.5656368792159022219 
	0.03921400635851351318 0.5682264912210263086 
	0.07845797317612970834 0.5701905529050911303 
	0.1177311349784863348 0.5714967172987116539 
	0.156970223888948629 0.572801748480842754 
	0.1962418728282095959 0.5734501432277671062 
	0.2355446382315286302 0.5734088568906647865 
	0.2499932485119362169 0.5733936790733134004 
	0.2638891912345591728 0.5732859933188251267 
	0.2772415513690126287 0.573104967995139325 
	0.3405227726490669404 0.572247029514593275 
	0.3922345223972872885 0.5697773388964129104 
	0.4279117595002500662 0.567760399359651613 
	0.460596645793653392 0.5659126262479206027 
	0.503432482757653843 0.5630597120302703873 
	0.5544831027380264787 0.5585317938896958712 
	0.5748894707385284741 0.5567218577148123071 
	0.5966488472131462606 0.5546416519397912026 
	0.6198348911402766781 0.5522454275897700215 
	0.6616389230643346941 0.5479250769710826141 
	0.7093706238230018668 0.5424227285163273349 
	0.7624142662647840352 0.5356240233923532656 
	0.7778497282745810981 0.5336456306985993825 
	0.7937536699118771244 0.531557055176953841 
	0.8101590301567932473 0.5293556120854450153 
	0.8248127447334939744 0.527389223159007603 
	0.8394614080522921906 0.525387317442781443 
	0.8541049452937996556 0.5233580847014800419 
	0.0001010254603126865976 
	spline forward { exactsur full nubs 3 3 open open none none 5 2 
	0 3 0.2772415513690130173 1 0.5544831027380260347 1 0.7624142662647850344 1 0.9703454297915450333 3 
	0.5233580847014800419 3 1.583210288595670034 3 
	9.44718014879319945 79.19113638219980089 -36.8142117735818033 
	8.532059452005029243 79.25170592596811048 -37.04116968481550032 
	6.566979559566750169 79.30389841866760037 -36.96528787200519872 
	4.338659488679830645 79.16429165665479672 -35.441395935626403 
	3.238944258232160145 78.90399730534039691 -33.30497069798470022 
	3.168021207892250501 78.70806107939300489 -31.87140989577120109 
	3.283614743493540544 78.60870025798929817 -31.17940786080760418 
	9.302411706268983949 75.69332977304061671 -37.30632286044846069 
	8.388715418361558207 75.75267594783153413 -37.52633160923285516 
	6.431171134277342105 75.80289732750108556 -37.43928338544022694 
	4.216999189246950941 75.66287414762372521 -35.91202916992656213 
	3.126167302038699525 75.40390037318942973 -33.78046375725364214 
	3.05684975369379508 75.20928112621797368 -32.35173261638721698 
	3.172199703617159194 75.11060214908066257 -31.66203139951789325 
	9.159640784764636834 72.19515373607148945 -37.79516873951511968 
	8.247487717412054664 72.25335425607282502 -38.00861296974775883 
	6.297121802200019935 72.30173851294297549 -37.91104304798096081 
	4.096460607399622589 72.16132650658917669 -36.38068588259925917 
	3.014054770267833749 71.90358060010024133 -34.25375655332854308 
	2.946220223209925493 71.71020178244559418 -32.82969122406400686 
	3.061363597008981863 71.61215375251755688 -32.14215939678161504 
	9.018619702189074161 68.69666153322937419 -38.28122688456942768 
	8.107912434497741572 68.75377763615279036 -38.48838613826941923 
	6.164601076466390772 68.80042405523647631 -38.38081111229157472 
	3.976855409523909479 68.65965217959048061 -36.84759636063169097 
	2.902500472264024189 68.40307208354184354 -34.72519221045996574 
	2.836109999835073836 68.21085279079093766 -33.30555596138059116 
	2.951027031608540074 68.11340495291825903 -32.62013404302660291 
	0 
	
	0 
	0 
	3 0.2772415513690130173 0.5544831027380260347 0.7624142662647850344 
	0 
	0 
	0 
	F 1 F 0 F 1 F 0 } I I I I 
	} 0 0 #
tvertex-vertex $-1 -1 $-1 $527 $604 1.751571545124733106e-08 #
intcurve-curve $-1 -1 $-1 forward { surfintcur full nubs 3 open 7 
	0 3 0.1205489113760272596 2 0.2409932360613785407 2 0.4951199928593837951 2 0.7642149584982043109 2 
	0.9430871511477616487 2 0.9791007355422787217 3 
	9.429864701157852025 78.77253933776850658 -36.87308894603613396 
	9.040563731518403756 78.77253933776850658 -36.97264730342548944 
	8.639140506232021011 78.77253933193769342 -37.02367587422040174 
	7.835869494908637378 78.77253933193769342 -37.02932254765600817 
	7.433986017832308946 78.77253933193769342 -36.98402451198082019 
	6.219535719548240138 78.77253933193769342 -36.69443277698427863 
	5.628868617095196925 78.7725393319362297 -36.33004040251064026 
	4.894179282102107287 78.7725393319362297 -35.79275221195752721 
	4.382813629295976732 78.77253933193772184 -35.34289577916431568 
	3.663783072521016315 78.77253933193772184 -34.15575698367467083 
	3.399237202476758757 78.77253933193796342 -33.54311007237915021 
	3.258091213095839933 78.77253933193796342 -32.65311973677877688 
	3.241070582504403941 78.77253933193769342 -32.50290629767238215 
	3.230706370723339216 78.77253933193769342 -32.35224084868230676 
	0.0007785994676242719232 
	
	spline forward { ref 40 } I I I I 
	plane -7.729885961480000844 78.77253933193769342 -33.51266465528350125 -2.867068208441409832e-16 1 -5.925602129037930186e-16 0 5.925602129037930186e-16 1 forward_v I I I I 
	nubs 3 open 7 
	0 3 0.1205489113760272596 3 0.2409932360613785407 3 0.4951199928593837951 3 0.7642149584982043109 3 
	0.9430871511477616487 3 0.9791007355422787217 3 
	0 0.565636878629799611 
	0.03921400639499902918 0.5682264906341515376 
	0.07845797317612951405 0.5701905529050921295 
	0.117731134978486196 0.5714967172987126531 
	0.1569702238889485735 0.5728017484808437532 
	0.1962418728282094293 0.5734501432277668842 
	0.2355446382315284637 0.5734088568906645644 
	0.3184699593807869267 0.5733217464105709871 
	0.3847066127146901993 0.5702029138541789832 
	0.4279117595002573382 0.5677603993597999388 
	0.4736617137206373673 0.565174019388565041 
	0.538644310720270969 0.5606362874710917321 
	0.6198348911402766781 0.5522454275897679121 
	0.6738037088316082279 0.546667874321074998 
	0.7373769924656382591 0.5391222683288113826 
	0.8101590301567901387 0.529355612085418481 
	0.8248127447334907547 0.5273892231589810686 
	0.8394614080522919686 0.5253873174427819981 
	0.8541049452937996556 0.5233580847014800419 
	
	nullbs 
	I I 
	0 
	0 
	3 0.2852713699282273807 0.687368018106902956 0.902768648790541306 
	} F 0 F 0.9791007355422787217 #
point $-1 -1 $-1 3.230694231904109426 78.77251716153313055 -32.35207769225846164 #
coedge $-1 -1 $-1 $605 $460 $463 $539 reversed $535 $-1 #
coedge $-1 -1 $-1 $460 $606 $468 $544 reversed $535 $-1 #
loop $-1 -1 $-1 $607 $608 $609 #
ellipse-curve $-1 -1 $-1 -1.42298890208023985e-14 78.77253933193779289 0 2.867068208441409832e-16 -1 5.925602129037930186e-16 38.05978237188600133 1.091199920586331672e-14 -2.078732822205697092e-30 1 F 0.8669157246656120641 F 1.821168499766076421 #
coedge $-1 -1 $-1 $463 $462 $610 $611 forward $464 $612 #
pcurve $-1 -1 $-1 2 $613 0 0 #
edge $-1 -1 $-1 $614 4.320725403214747461e-12 $466 0.8150966378513335719 $463 $615 forward @7 unknown #
pcurve $-1 -1 $-1 1 $616 0 0 #
face $617 -1 $-1 $603 $464 $4 $-1 $618 forward single #
point $-1 -1 $-1 24.63156337126836704 78.77253933547949316 29.01436063219441053 #
coedge $-1 -1 $-1 $469 $468 $619 $620 forward $470 $621 #
edge $-1 -1 $-1 $472 0 $622 1.212813032833155447 $468 $623 forward @7 unknown #
pcurve $-1 -1 $-1 1 $624 0 0 #
pcurve $-1 -1 $-1 2 $625 0 0 #
face $626 -1 $-1 $541 $470 $4 $-1 $627 forward single #
point $-1 -1 $-1 -9.429864676139359858 78.77253933547625309 36.87308895652008545 #
coedge $-1 -1 $-1 $619 $628 $474 $550 forward $582 $-1 #
edge $-1 -1 $-1 $629 0.1988685996664241173 $551 2.162601245180000298 $549 $630 forward @7 unknown #
vertex $-1 -1 $-1 $550 $631 #
intcurve-curve $-1 -1 $-1 forward { surfintcur full nubs 3 open 7 
	-0.7700319934398548449 3 -0.6388707749790705215 2 -0.5081621290629894094 2 -0.3770249159521510407 2 -0.2670486098232808247 2 
	-0.156353982811660297 2 -0 3 
	-3.031192848549088659 68.77253933207036596 32.23258772046633425 
	-2.914257596912072756 68.77253933207036596 32.73938912736022644 
	-2.877700797046099268 68.77253933193783553 33.26412335137587917 
	-2.960934818390688505 68.77253933193783553 34.29917526756302948 
	-3.080297895617621684 68.77253933193784974 34.81092051073105864 
	-3.474284991423544078 68.77253933193784974 35.77925421018846919 
	-3.801657566861864623 68.77253933193779289 36.3670174882631656 
	-4.808266553455372794 68.77253933193779289 37.38505529704453778 
	-5.357888114847089156 68.77253933193779289 37.76013436852235827 
	-6.56445992447154314 68.77253933193779289 38.2704159941111044 
	-7.101177139948785744 68.77253933193779289 38.35377846797432255 
	-7.988216201224914492 68.77253933193779289 38.42773647974443918 
	-8.514402834569283485 68.77253933193944135 38.39026659756362392 
	-9.021678544640190367 68.77253933193944135 38.27068446407119495 
	0.0004480099072767043124 
	
	plane 5.481725801376090779 68.77253933193779289 23.76865234543279826 -2.867068208441409832e-16 1 -5.925602129037930186e-16 0 5.925602129037930186e-16 1 forward_v I I I I 
	spline forward { ref 31 } I I I I 
	nullbs 
	nubs 3 open 7 
	-0.7700319934398548449 3 -0.6388707749790705215 3 -0.5081621290629894094 3 -0.3770249159521510407 3 -0.2670486098232808247 3 
	-0.156353982811660297 3 -0 3 
	1 1.512433952559184558 
	0.9491638523218670631 1.519673628172864444 
	0.8982858570509122398 1.526903575075320596 
	0.8473673910950763055 1.533801876257462116 
	0.7966246196012196634 1.540676374811381866 
	0.7457154966106577243 1.547239936892730539 
	0.6945085380272897346 1.5531762894708252 
	0.643133682190925815 1.559132106147516073 
	0.578445947273814931 1.566073418874048606 
	0.5017236542469691862 1.571863949792960735 
	0.4373816251259316501 1.576720093871977646 
	0.3729356685949158923 1.580083329444154971 
	0.3083887930433059088 1.581648948432580415 
	0.2434203233296708957 1.583224793412889131 
	0.1905834317082854834 1.582676552142230575 
	0.1541692129209452367 1.581942632120438841 
	0.1027348453090634051 1.580905984529040298 
	0.05134406814101852984 1.578753792734023387 
	0 1.575548006285893976 
	
	I I 
	0 
	0 
	3 -0.5250027887859636255 -0.4189386934068617396 -0.2538602567581988989 
	} F -0.7700319934398548449 F -0 #
coedge $-1 -1 $-1 $476 $560 $632 $633 reversed $412 $-1 #
coedge $-1 -1 $-1 $634 $610 $476 $555 forward $635 $-1 #
edge $-1 -1 $-1 $556 0.8305249780339820642 $636 2.794257623630426846 $476 $637 forward @7 unknown #
vertex $-1 -1 $-1 $555 $638 #
intcurve-curve $-1 -1 $-1 forward { surfintcur full nubs 3 open 7 
	-0.9209952086070858357 3 -0.7340471328598788814 2 -0.6013511013280308237 2 -0.4691098035697049418 2 -0.3120347788680825629 2 
	-0.1562887975973982768 2 -0 3 
	24.87695587012852982 68.77253933193964031 30.44951624831554682 
	24.47406365157597463 68.77253933193964031 30.77867564082917085 
	24.01838428960068939 68.77253933193780711 31.04253887664333078 
	23.18936708003490565 68.77253933193780711 31.3649165196675952 
	22.67153591703414861 68.77253933193779289 31.52489497858747214 
	21.36531194289471713 68.77253933193779289 31.59620063487941621 
	20.70674246808460239 68.77253933193779289 31.50051998228881445 
	19.35805861025581009 68.77253933193779289 31.02877343118852593 
	18.80561091879729574 68.77253933193784974 30.64577002455693844 
	18.02313217237901455 68.77253933193784974 29.94571628356921877 
	17.69079101802664766 68.77253933193783553 29.53757727019480583 
	17.16119632106757464 68.77253933193783553 28.64243788749532627 
	16.96370832723653876 68.77253933207194336 28.15396873168580427 
	16.84659226373509 68.77253933207194336 27.64634099467182438 
	0.000444053844738461444 
	
	plane 5.481725801376090779 68.77253933193779289 23.76865234543279826 -2.867068208441409832e-16 1 -5.925602129037930186e-16 0 5.925602129037930186e-16 1 forward_v I I I I 
	spline forward { ref 28 } I I I I 
	nullbs 
	nubs 3 open 7 
	-0.9209952086070858357 3 -0.7340471328598788814 3 -0.6013511013280308237 3 -0.4691098035697049418 3 -0.3120347788680825629 3 
	-0.1562887975973982768 3 -0 3 
	0 7.181324322773433799 
	0.05125321245948478294 7.178124208982642251 
	0.1025529831296361216 7.175973980222132731 
	0.1538962216464006827 7.174935244635772591 
	0.1903397312676521624 7.174197948519886125 
	0.2430666744663408929 7.173649258090397218 
	0.3078432076053125299 7.175210272859524174 
	0.3723977591446091528 7.176765938213689466 
	0.4368515310387033335 7.180120476438776045 
	0.5012014454075323089 7.184969085541101919 
	0.5776356952248872245 7.190728219846545421 
	0.642279125321203237 7.197645587278408641 
	0.6940105714010992299 7.203638412222263199 
	0.7453043072930387591 7.209580530666853448 
	0.7962944860866381092 7.216152382336218807 
	0.8471188414498085351 7.223036818522529323 
	0.8981203332608073131 7.229945248806996183 
	0.9490811828963848784 7.237186927501912947 
	1 7.244438376493044451 
	
	I I 
	0 
	0 
	3 -0.6168164251518530872 -0.4183601795561042169 -0.291497184267361209 
	} F -0.9209952086070858357 F -0 #
loop $-1 -1 $-1 $-1 $639 $480 #
coedge $-1 -1 $-1 $559 $559 $640 $641 reversed $478 $-1 #
coedge $-1 -1 $-1 $553 $479 $642 $643 reversed $412 $-1 #
coedge $-1 -1 $-1 $644 $645 $479 $562 forward $503 $-1 #
edge $-1 -1 $-1 $646 -0.7853981633974568277 $629 0.7853981633974564946 $561 $647 forward @7 unknown #
DXID-attrib $-1 -1 $-1 $-1 $480 @10 ASM ENTITY @2 30 #
face $648 -1 $-1 $649 $650 $4 $-1 $651 forward single #
plane-surface $-1 -1 $-1 5.481725801376090779 68.77253933193779289 23.76865234543279826 -2.867068208441409832e-16 1 -5.925602129037930186e-16 0 5.925602129037930186e-16 1 forward_v I I I I #
coedge $-1 -1 $-1 $484 $484 $652 $653 forward $567 $-1 #
loop $-1 -1 $-1 $-1 $484 $654 #
vertex $-1 -1 $-1 $485 $655 #
ellipse-curve $-1 -1 $-1 -1.42298890208023985e-14 78.77253933193769342 0 2.867068208441409832e-16 -1 5.925602129037930186e-16 38.05978237188600133 1.091199920586331672e-14 -2.078732822205697092e-30 1 F -1.675596108245412275 F -1.634101855183761165 #
coedge $-1 -1 $-1 $652 $652 $486 $571 reversed $656 $-1 #
edge $-1 -1 $-1 $568 -1.16176592606007012 $487 4.588761698969632263 $570 $657 forward @7 unknown #
point $-1 -1 $-1 -3.981359650501239855 78.77253933193769342 -37.85096840939060314 #
ellipse-curve $-1 -1 $-1 -12.69560351208710181 78.77253933193769342 -32.7850827582285973 2.867068208441409832e-16 -1 5.925602129037930186e-16 2.923203692955203437 4.384513585531375987e-16 -0.6744480480311758619 1 F -1.979826727529711228 F -1.447169045379836261 #
DXID-attrib $-1 -1 $-1 $-1 $491 @10 ASM ENTITY @2 35 #
face $658 -1 $-1 $580 $659 $4 $-1 $660 forward single #
plane-surface $-1 -1 $-1 -12.69560351208710181 78.77253933193769342 -32.7850827582285973 2.867068208441409832e-16 -1 5.925602129037930186e-16 -0.9744012309850679232 -1.461504528510458991e-16 0.2248160160103919447 forward_v I I I I #
pcurve $-1 -1 $-1 0 forward { exppc nubs 1 open 2 
	-1.575548006277710078 1 -0.5656368791643020533 1 
	0 1.575548006277700086 
	1.305527443364860753e-15 0.5656368791642962801 
	0 
	spline forward { ref 40 } I I I I 
	} 0 0 #
intcurve-curve $-1 -1 $-1 forward { exactcur full nubs 3 open 2 
	-1.575548006277710078 3 -0.5656368791643020533 3 
	9.021678544664450072 68.77253933201799896 -38.27068446401180069 
	9.156078723248130657 72.10617544767370646 -37.80749133171890008 
	9.292069344311579826 75.4395241417978184 -37.34176386180990193 
	9.429864700939059929 78.77253933247649798 -36.87308894678029958 
	0 
	
	null_surface 
	null_surface 
	nullbs 
	nullbs 
	I I 
	0 
	0 
	0 
	F 1 F 0 } F -1.575548006277710078 F -0.5656368791643020533 #
point $-1 -1 $-1 9.021678544997651983 68.77253933199402525 -38.27068446325286288 #
face $661 -1 $-1 $654 $662 $4 $-1 $663 reversed single #
DXID-attrib $-1 -1 $-1 $-1 $502 @10 ASM ENTITY @2 29 #
loop $-1 -1 $-1 $-1 $628 $502 #
plane-surface $-1 -1 $-1 -7.670794363497860147 68.77253933193779289 12.12355141747760001 -0.9744012309850678122 -1.747832541912739579e-16 0.2248160160103919447 0.2248160160103919447 6.418476861114147792e-16 0.9744012309850679232 forward_v I I I I #
coedge $-1 -1 $-1 $645 $644 $608 $664 forward $503 $-1 #
tedge-edge $-1 -1 $-1 $525 -5.334274688628707848e-15 $521 1.511294692479705493 $508 $665 forward @14 tangent_not_g2 0.001737831972522371456 #
pcurve $-1 -1 $-1 0 forward { exppc nubs 1 open 2 
	-1.511294692479705493 1 5.464378949326770376e-15 1 
	0 0.1710200386509460047 
	1 0.1710200386509460047 
	1.048145137456027332e-07 
	spline reversed { ref 17 } I I I I 
	} 0 0 #
pcurve $-1 -1 $-1 0 forward { exppc nubs 1 open 2 
	0 1 0.0008358681797943368899 1 
	1 0.1710200386509460047 
	1 0.1701841704711354042 
	9.228957842841617773e-15 
	spline reversed { ref 17 } I I I I 
	} 0 0 #
pcurve $-1 -1 $-1 0 forward { exppc nubs 1 open 2 
	-5.464378949326770376e-15 1 1.511294692479705493 1 
	1 0 
	0 1.11434213079595384e-15 
	1.051073099065181243e-07 
	spline reversed { ref 8 } I I I I 
	} 0 0 #
pcurve $-1 -1 $-1 0 forward { exppc nubs 3 open 2 
	-1.00366416073285003 3 -0 3 
	0.8541210976588796688 0.5233580847252715662 
	0.8937085938428366294 0.8542044893746200129 
	0.9320616149686540286 1.18538235416517157 
	0.9703454297915450333 1.516654227842101577 
	0.01000000000000000021 
	spline forward { ref 40 } I I I I 
	} 0 0 #
intcurve-curve $-1 -1 $-1 forward { parcur full nubs 3 open 2 
	0 3 1.00366416073285003 3 
	2.971819540021547024 68.77253934042167316 -32.53006165521285453 
	3.011842228338343475 72.10714309382703391 -32.46042842532465045 
	3.096094116114401551 75.44121983174791524 -32.40055546263875641 
	3.230694231904113423 78.77251716153323002 -32.35207769225846164 
	0.000188552335602619757 
	
	spline forward { ref 40 } I I I I 
	null_surface 
	nubs 3 open 2 
	0 3 1.00366416073285003 3 
	0.9703454297915450333 1.516654227842101577 
	0.9320616149686540286 1.18538235416517157 
	0.8937085938428366294 0.8542044893746200129 
	0.8541210976588796688 0.5233580847252715662 
	
	nullbs 
	I I 
	0 
	0 
	0 
	surf1 } F 0 F 1.003664160732840704 #
loop $-1 -1 $-1 $-1 $666 $592 #
face $667 -1 $-1 $351 $513 $4 $-1 $668 reversed single #
point $-1 -1 $-1 -13.03282753610270106 68.77253933193769342 -34.24668460470620346 #
coedge $-1 -1 $-1 $594 $594 $669 $670 forward $516 $-1 #
DXID-attrib $-1 -1 $-1 $-1 $517 @10 ASM ENTITY @2 50 #
cone-surface $-1 -1 $-1 -2.951591202236320655 68.77253933193779289 -35.03324291833259707 -2.775557561562889872e-16 1 -4.440892098500630106e-16 0.3372240240155879309 7.42680078097344367e-16 1.461601846477601718 1 I I 0 1 1.500000000000000222 forward I I I I #
pcurve $-1 -1 $-1 2 $671 0 0 #
intcurve-curve $-1 -1 $-1 forward { surfintcur full nubs 3 open 7 
	-0.802159587884415104 3 -0.6541870876636005638 2 -0.5054382483172297214 2 -0.3655831140653411082 2 -0.2552615613210303946 2 
	-0.1491829282824275738 2 -0 3 
	2.97181953975699864 68.77253933203778047 -32.53006165635886759 
	2.889231192573314289 68.77253933203778047 -33.01924453393257153 
	2.879201120609503839 68.77253933193782132 -33.52062680950991336 
	3.002867216365335157 68.77253933193782132 -34.50768171814289076 
	3.136502531459228305 68.77253933193783553 -34.98675160005225848 
	3.528578148329486464 68.77253933193783553 -35.86781908795389029 
	3.858137618724628126 68.77253933193779289 -36.45855091470467357 
	4.926646758667992287 68.77253933193779289 -37.4756989124234039 
	5.485314705790809597 68.77253933193779289 -37.8326426012497592 
	6.674558039015829891 68.77253933193779289 -38.29474791014260404 
	7.187671088374183448 68.77253933193779289 -38.36572431653721793 
	8.036491992592299738 68.77253933193779289 -38.42423058418388848 
	8.537668616564953794 68.77253933193939872 -38.38478194409507438 
	9.021678544661286381 68.77253933193939872 -38.27068446402277857 
	0.0007250034342507670699 
	
	plane -7.729885961480000844 68.77253933193779289 -33.51266465528350125 -2.867068208441409832e-16 1 -5.925602129037930186e-16 0 5.925602129037930186e-16 1 forward_v I I I I 
	spline forward { ref 40 } I I I I 
	nullbs 
	nubs 3 open 7 
	-0.802159587884415104 3 -0.6541870876636005638 3 -0.5054382483172297214 3 -0.3655831140653411082 3 -0.2552615613210303946 3 
	-0.1491829282824275738 3 -0 3 
	0.9703454297915450333 1.516654228688668393 
	0.9218505943181443119 1.5235469487624691 
	0.8733146912700875397 1.53037679653481784 
	0.8247402171375114444 1.536857244067273864 
	0.7759108965657917079 1.543371691329159745 
	0.7276861748891778614 1.549447428531176785 
	0.6789073766273906463 1.554970058866570026 
	0.6330450666455111897 1.560162490689056103 
	0.568114131138355849 1.567137144941716409 
	0.4868341111609889027 1.572973883065556633 
	0.4227182096679364953 1.577578061640969143 
	0.3585194296219416099 1.580667308242058589 
	0.2942418973453529984 1.581963728299156546 
	0.2324364514521268243 1.583210288595670034 
	0.1819844463229820519 1.582568042261384589 
	0.1470917383989981952 1.581794902065631447 
	0.09802062770784619739 1.580707601870752876 
	0.0489892099279312862 1.578606760072733817 
	0 1.575548006285637515 
	
	I I 
	0 
	0 
	3 -0.5906569718183385387 -0.4069879060360110934 -0.2453562002486226468 
	} F -0.802159587884415104 F -0 #
point $-1 -1 $-1 2.971819545953267472 68.77253933405631869 -32.53006163097349912 #
straight-curve $-1 -1 $-1 2.210623800367780056 68.78089772166519822 -31.38919436856660283 -0.08145616030838125077 -9.999650578347869967 0.0187937461652094677 F -9.769621233053500068e-15 F 0.0008358681797943368899 #
point $-1 -1 $-1 2.210623800367780056 68.78089772166529769 -31.38919436856660283 #
ellipse-curve $-1 -1 $-1 -1.42298890208023985e-14 78.77253933193769342 0 2.867068208441409832e-16 -1 5.925602129037930186e-16 38.05978237188600133 1.091199920586331672e-14 -2.078732822205697092e-30 1 F -1.634101855183761165 F -1.320424153032180969 #
face $672 -1 $-1 $673 $528 $4 $-1 $674 forward single #
point $-1 -1 $-1 9.429864700277702738 78.77253933315859058 -36.87308892931709181 #
coedge $-1 -1 $-1 $675 $533 $676 $677 forward $535 $-1 #
coedge $-1 -1 $-1 $534 $608 $678 $679 forward $535 $-1 #
loop $-1 -1 $-1 $680 $681 $609 #
coedge $-1 -1 $-1 $606 $682 $584 $664 reversed $535 $-1 #
face $683 -1 $-1 $517 $535 $4 $-1 $684 forward single #
coedge $-1 -1 $-1 $554 $676 $537 $611 reversed $635 $-1 #
edge $-1 -1 $-1 $556 7.244438377178649802 $614 8.254361316167470264 $610 $685 forward @14 tangent_not_g2 #
pcurve $-1 -1 $-1 0 forward { exppc nubs 1 open 2 
	7.244438377178649802 1 8.254361316167470264 1 
	1 7.244438377178655131 
	1 8.254361316151776151 
	0 
	spline forward { ref 28 } I I I I 
	} 0 0 #
intcurve-curve $-1 -1 $-1 forward { ref 43 } I I #
vertex $-1 -1 $-1 $677 $686 #
intcurve-curve $-1 -1 $-1 forward { surfintcur full nubs 3 open 7 
	0 3 0.1584072780921174373 2 0.3162473806158271339 2 0.4717858086690174257 2 0.6020335080020394747 2 
	0.7086777404295733218 2 0.8150966378513335719 3 
	16.52909830475569919 78.77253933193779289 26.27025351678680209 
	16.64780661531471395 78.77253933193779289 26.78476100601999121 
	16.84909106258515266 78.77253933193784974 27.27957155064664363 
	17.38950373533695171 78.77253933193784974 28.18461190570093322 
	17.72886079051346542 78.77253933193786395 28.59635231591221682 
	18.51872246233315167 78.77253933193786395 29.29143773565746045 
	19.07378806756091549 78.77253933193779289 29.67165361308415683 
	20.42992506141171205 78.77253933193779289 30.13352816686719393 
	21.08910324612306653 78.77253933193779289 30.22376685649285832 
	22.27408531817852833 78.77253933193779289 30.14949935343827292 
	22.78701102617953467 78.77253933193780711 30.03001991528995518 
	23.76896661014856704 78.77253933193780711 29.63270995429924426 
	24.22819835278773581 78.77253933202938185 29.35679158171678438 
	24.63156339159748853 78.77253933202938185 29.01436066529225855 
	0.0004361263219555288652 
	
	spline forward { ref 28 } I I I I 
	plane 5.481725801376090779 78.77253933193779289 23.76865234543279826 -2.867068208441409832e-16 1 -5.925602129037930186e-16 0 5.925602129037930186e-16 1 forward_v I I I I 
	nubs 3 open 7 
	0 3 0.1584072780921174373 3 0.3162473806158271339 3 0.4717858086690174257 3 0.6020335080020394747 3 
	0.7086777404295733218 3 0.8150966378513335719 3 
	1 8.254361316167470264 
	0.9488741310004418228 8.246942027645685513 
	0.8977037676644316067 8.239533263672118579 
	0.8464908049496487896 8.232474526359487399 
	0.7954612097012313532 8.225441062780459944 
	0.7442630197335229347 8.218736210022621336 
	0.6927391119303870637 8.212691221912306716 
	0.641966542103568405 8.206734383737185112 
	0.5778697189111610122 8.199782389682455985 
	0.5017405759862139103 8.194016129034187301 
	0.4379901199588567273 8.189187469052264134 
	0.3741360368387655622 8.185874291064362041 
	0.3101821033970003638 8.184377328111294148 
	0.2578178913798636618 8.183151644541297287 
	0.2069047302422864776 8.183167179462577323 
	0.1550590692714261531 8.184335701656724638 
	0.1033229561124659884 8.185501754810124098 
	0.05163546788391400189 8.187825566041691872 
	0 8.191235449588862849 
	
	nullbs 
	I I 
	0 
	0 
	3 0.29422492797603228 0.4216533165488698387 0.6187096316647789918 
	} F 4.320725403214747461e-12 F 0.8150966378513335719 #
intcurve-curve $-1 -1 $-1 forward { ref 53 } I I #
DXID-attrib $-1 -1 $-1 $-1 $541 @10 ASM ENTITY @2 44 #
spline-surface $-1 -1 $-1 forward { ref 28 } I I I I #
coedge $-1 -1 $-1 $678 $549 $543 $620 reversed $582 $-1 #
edge $-1 -1 $-1 $622 0.5025110128928079734 $551 1.512433951881620109 $619 $687 forward @14 tangent_not_g2 #
pcurve $-1 -1 $-1 0 forward { exppc nubs 1 open 2 
	0.5025110128928079734 1 1.512433951881620109 1 
	0.9999999999999978906 0.5025110129084936483 
	0.9999999999999957812 1.51243395188162455 
	0 
	spline forward { ref 31 } I I I I 
	} 0 0 #
vertex $-1 -1 $-1 $620 $688 #
intcurve-curve $-1 -1 $-1 forward { surfintcur full nubs 3 open 7 
	0 3 0.1584529147129503102 2 0.3175188946075560015 2 0.5125199273324335669 2 0.7443530691688398093 2 
	0.9781611937014810243 2 1.212813032839560101 3 
	-9.429864679909883307 78.77253933202929659 36.87308899514977867 
	-8.918156057563605188 78.77253933202929659 37.00394990114084237 
	-8.385443247048822712 78.77253933193779289 37.05084480768550037 
	-7.32958755204961232 78.77253933193779289 36.97843636832011072 
	-6.816998663522141122 78.77253933193780711 36.86145662917139276 
	-5.720454362504860946 78.77253933193780711 36.41102312967648658 
	-5.166981292159723793 78.77253933193779289 36.04165265334803081 
	-4.151537584087032329 78.77253933193779289 35.03571075765906784 
	-3.817620883803714005 78.77253933193784974 34.45235850840823133 
	-3.409190497333329795 78.77253933193784974 33.47725236555140782 
	-3.283943834893805924 78.77253933193784974 32.95770152695160959 
	-3.194011040683064184 78.77253933193784974 31.9057232450294137 
	-3.229785306274409962 78.77253933193779289 31.37184506206534351 
	-3.34868680733992008 78.77253933193779289 30.85650024339880204 
	0.0004329176900447277406 
	
	spline forward { ref 31 } I I I I 
	plane 5.481725801376090779 78.77253933193779289 23.76865234543279826 -2.867068208441409832e-16 1 -5.925602129037930186e-16 0 5.925602129037930186e-16 1 forward_v I I I I 
	nubs 3 open 7 
	0 3 0.1584529147129503102 3 0.3175188946075560015 3 0.5125199273324335669 3 0.7443530691688398093 3 
	0.9781611937014810243 3 1.212813032839560101 3 
	0 0.5656368794709604186 
	0.05154390621473661782 0.5690407165046423854 
	0.1031395934308228512 0.5713623433546561881 
	0.1547836969155983733 0.5725304473450518739 
	0.2066276149745752133 0.5737030708098059817 
	0.2574568443299393716 0.5737206538005885648 
	0.3096318413888780596 0.5725079233215566443 
	0.3735938420357274303 0.5710212214134248176 
	0.4374561282884869562 0.5677169844065402815 
	0.5012148507256747321 0.5628960765888528783 
	0.5770164233406429588 0.5571645879384566902 
	0.6410626117568662963 0.5502395814317206924 
	0.6922380079658005947 0.5442399614392628981 
	0.7438493665275935918 0.5381892307834408307 
	0.7951289783327869509 0.5314759564031399375 
	0.846240895283931982 0.5244322835004294747 
	0.8975372535196979307 0.5173631929621436143 
	0.9487909267792890011 0.5099423758523482508 
	1 0.5025110128928080844 
	
	nullbs 
	I I 
	0 
	0 
	3 0.2931257836859240129 0.5880922335255122091 0.7776781285591481963 
	} F 0 F 1.212813032833155447 #
intcurve-curve $-1 -1 $-1 forward { ref 55 } I I #
intcurve-curve $-1 -1 $-1 forward { ref 42 } I I #
DXID-attrib $-1 -1 $-1 $-1 $547 @10 ASM ENTITY @2 43 #
spline-surface $-1 -1 $-1 forward { ref 31 } I I I I #
coedge $-1 -1 $-1 $549 $678 $644 $689 reversed $582 $-1 #
vertex $-1 -1 $-1 $562 $690 #
straight-curve $-1 -1 $-1 -7.89306681035319091 68.77253933193779289 11.1601745652702995 2.248160160103919836 6.418476861114150751e-15 9.744012309850679898 F 0.1988685996664241173 F 2.162601245180000298 #
point $-1 -1 $-1 -3.031192848748372359 68.77253933421854981 32.23258771960262692 #
coedge $-1 -1 $-1 $691 $692 $553 $633 forward $650 $-1 #
edge $-1 -1 $-1 $636 -0.7853981633974518317 $693 0.7853981633974512766 $553 $694 forward @7 unknown #
coedge $-1 -1 $-1 $676 $554 $692 $695 reversed $635 $-1 #
loop $-1 -1 $-1 $-1 $634 $649 #
vertex $-1 -1 $-1 $633 $696 #
straight-curve $-1 -1 $-1 18.71374543112069944 68.77253933193779289 35.73898660339960287 -2.248160160103919836 -6.418476861114150751e-15 -9.744012309850679898 F 0.8305249780339820642 F 2.794257623630426846 #
point $-1 -1 $-1 16.84659226353351613 68.7725393342456357 27.64634099379801668 #
coedge $-1 -1 $-1 $639 $639 $697 $698 reversed $558 $-1 #
coedge $-1 -1 $-1 $640 $640 $559 $641 forward $699 $-1 #
edge $-1 -1 $-1 $700 -3.141592653589788675 $700 3.141592653589797557 $559 $701 forward @7 unknown #
coedge $-1 -1 $-1 $702 $703 $560 $643 forward $704 $-1 #
edge $-1 -1 $-1 $693 0.1000000000000031003 $646 1.940000000000017932 $560 $705 forward @7 unknown #
coedge $-1 -1 $-1 $584 $561 $628 $689 forward $503 $-1 #
coedge $-1 -1 $-1 $561 $584 $702 $706 forward $503 $-1 #
vertex $-1 -1 $-1 $706 $707 #
ellipse-curve $-1 -1 $-1 -6.471577116502400528 68.77253933193779289 12.87313663245230266 -2.867068208441409832e-16 1 -5.925602129037930186e-16 -0.8479746474663514277 -5.571988276227357878e-16 -0.5300367885857706352 1 F -0.7853981633974568277 F 0.7853981633974564946 #
DXID-attrib $-1 -1 $-1 $-1 $564 @10 ASM ENTITY @2 31 #
face $708 -1 $-1 $709 $635 $4 $-1 $710 forward single #
loop $-1 -1 $-1 $-1 $711 $564 #
cone-surface $-1 -1 $-1 11.45740553362299963 68.77253933193779289 8.736521937861031262 -3.330669073875470114e-16 1 -6.661338147750940229e-16 0.5300367885857661943 -3.883268727734399094e-16 -0.8479746474663543143 1 I I 0 1 1 forward I I I I #
coedge $-1 -1 $-1 $570 $570 $566 $653 reversed $656 $-1 #
edge $-1 -1 $-1 $487 -1.694423608209953969 $568 -1.16176592606007012 $566 $712 forward @7 unknown #
face $713 -1 $-1 $714 $567 $4 $-1 $715 forward single #
point $-1 -1 $-1 -2.407785644916720091 78.77253933193769342 -37.98354383787079769 #
loop $-1 -1 $-1 $-1 $570 $716 #
ellipse-curve $-1 -1 $-1 -2.951591202236320655 78.77253933193769342 -35.03324291833259707 2.867068208441409832e-16 -1 5.925602129037930186e-16 2.923203692955203437 4.384513585531375987e-16 -0.6744480480311758619 1 F -1.16176592606007012 F 4.588761698969632263 #
DXID-attrib $-1 -1 $-1 $-1 $575 @10 ASM ENTITY @2 36 #
loop $-1 -1 $-1 $717 $718 $575 #
plane-surface $-1 -1 $-1 -12.69560351208710181 73.77253933193769342 -32.7850827582285973 -2.867068208441409832e-16 1 -5.925602129037930186e-16 0.9744012309850679232 1.461504528510458991e-16 -0.2248160160103919447 forward_v I I I I #
DXID-attrib $-1 -1 $-1 $-1 $580 @10 ASM ENTITY @2 37 #
loop $-1 -1 $-1 $499 $719 $580 #
cone-surface $-1 -1 $-1 -12.69560351208710181 76.27253933193769342 -32.7850827582285973 -2.867068208441409832e-16 1 -5.925602129037930186e-16 2.923203692955203437 4.384513585531375987e-16 -0.6744480480311758619 1 I I 0 1 3.000000000000000444 forward I I I I #
edge $-1 -1 $-1 $720 -0.7853981633974564946 $721 0.7853981633974455034 $584 $722 forward @7 unknown #
ellipse-curve $-1 -1 $-1 1.985807784357390027 68.78089772166529769 -32.36359559955170084 0.008158863998489059369 0.9999649440810169931 -0.001882431221332269951 0.2248160160103875038 -4.119968255444905294e-18 0.974401230985066702 1 F -5.334274688628707848e-15 F 1.511294692479705493 #
coedge $-1 -1 $-1 $666 $666 $723 $724 forward $591 $-1 #
DXID-attrib $-1 -1 $-1 $-1 $592 @10 ASM ENTITY @2 51 #
cone-surface $-1 -1 $-1 -12.69560351208710181 68.77253933193769342 -32.7850827582285973 -2.775557561562889872e-16 1 -4.440892098500630106e-16 0.3372240240155879309 7.42680078097344367e-16 1.461601846477601718 1 I I 0 1 1.500000000000000222 forward I I I I #
coedge $-1 -1 $-1 $669 $669 $594 $670 reversed $725 $-1 #
edge $-1 -1 $-1 $726 -3.141592653589792672 $726 3.14159265358979356 $669 $727 forward @7 unknown #
intcurve-curve $-1 -1 $-1 forward { ref 51 } I I #
DXID-attrib $-1 -1 $-1 $-1 $603 @10 ASM ENTITY @2 45 #
face $728 -1 $-1 $729 $699 $4 $-1 $730 reversed single #
spline-surface $-1 -1 $-1 forward { ref 40 } I I I I #
coedge $-1 -1 $-1 $682 $605 $711 $731 reversed $535 $-1 #
coedge $-1 -1 $-1 $610 $634 $605 $677 reversed $635 $-1 #
edge $-1 -1 $-1 $614 0.971748883875927616 $732 2.794257623630426846 $676 $733 forward @7 unknown #
coedge $-1 -1 $-1 $628 $619 $606 $679 reversed $582 $-1 #
edge $-1 -1 $-1 $720 0.1988685996664338318 $622 2.021377339420934671 $678 $734 forward @7 unknown #
loop $-1 -1 $-1 $-1 $735 $609 #
coedge $-1 -1 $-1 $681 $681 $736 $737 forward $607 $-1 #
coedge $-1 -1 $-1 $608 $675 $738 $739 forward $535 $-1 #
DXID-attrib $-1 -1 $-1 $-1 $609 @10 ASM ENTITY @2 49 #
plane-surface $-1 -1 $-1 5.481725801376090779 78.77253933193779289 23.76865234543279826 -2.867068208441409832e-16 1 -5.925602129037930186e-16 0 5.925602129037930186e-16 1 forward_v I I I I #
intcurve-curve $-1 -1 $-1 forward { exactcur full nubs 3 open 2 
	7.244438377178649802 3 8.254361316167470264 3 
	16.84659226352059846 68.7725393388613071 27.64634099374190157 
	16.74124790389500106 72.10617834205000065 27.1897557578762985 
	16.63543975950389964 75.43952705012669924 26.73116037854120108 
	16.52909830476059838 78.7725393317823972 26.27025351680820364 
	0 
	
	null_surface 
	null_surface 
	nullbs 
	nullbs 
	I I 
	0 
	0 
	0 
	F 1 F 0 } F 7.244438377178649802 F 8.254361316167470264 #
point $-1 -1 $-1 16.52909830476540165 78.77253933178549516 26.2702535168289053 #
intcurve-curve $-1 -1 $-1 forward { exactcur full nubs 3 open 2 
	0.5025110128928079734 3 1.512433951881620109 3 
	-3.348686807334970261 78.77253933178249667 30.85650024342029951 
	-3.242345352591300411 75.43952705011659532 31.31740710515470028 
	-3.136537209151410543 72.1061783416340063 31.77600248036720032 
	-3.031192848761110614 68.7725393387800068 32.23258771954740354 
	0 
	
	null_surface 
	null_surface 
	nullbs 
	nullbs 
	I I 
	0 
	0 
	0 
	F 1 F 0 } F 0.5025110128928079734 F 1.512433951881620109 #
point $-1 -1 $-1 -3.348686807330199855 78.77253933178549516 30.85650024344100473 #
edge $-1 -1 $-1 $629 0 $720 1 $644 $740 forward @14 tangent_not_g2 #
point $-1 -1 $-1 -7.445978347487471005 68.77253933193779289 13.09795264846270157 #
coedge $-1 -1 $-1 $711 $632 $703 $741 forward $650 $-1 #
coedge $-1 -1 $-1 $632 $711 $634 $695 forward $650 $-1 #
vertex $-1 -1 $-1 $643 $742 #
ellipse-curve $-1 -1 $-1 11.45740553362299963 68.77253933193779289 8.736521937861031262 -2.867068208441409832e-16 1 -5.925602129037930186e-16 0.5300367885857661943 -3.505108750538186451e-16 -0.8479746474663543143 1 F -0.7853981633974518317 F 0.7853981633974512766 #
edge $-1 -1 $-1 $732 -1 $636 -5.916456789157589416e-31 $692 $743 forward @14 tangent_not_g2 #
point $-1 -1 $-1 12.43180676460809941 68.77253933193779289 8.511705921850630574 #
coedge $-1 -1 $-1 $697 $697 $639 $698 forward $744 $-1 #
edge $-1 -1 $-1 $745 -3.141592653589795336 $745 3.141592653589790896 $639 $746 forward @7 unknown #
loop $-1 -1 $-1 $747 $640 $673 #
vertex $-1 -1 $-1 $641 $748 #
ellipse-curve $-1 -1 $-1 -1.544729117971539889 68.77253933193779289 15.5452182986311005 2.867068208441409832e-16 -1 5.925602129037930186e-16 0.3372240240155879309 9.627715291671224154e-16 1.461601846477601718 1 I I #
coedge $-1 -1 $-1 $738 $642 $645 $706 reversed $704 $-1 #
coedge $-1 -1 $-1 $642 $738 $691 $741 reversed $704 $-1 #
loop $-1 -1 $-1 $-1 $702 $749 #
straight-curve $-1 -1 $-1 12.2069907485977005 68.77253933193779289 7.537304690865570755 -9.744012309850679898 -1.461504528510459977e-15 2.248160160103919836 F 0.1000000000000031003 F 1.940000000000017932 #
edge $-1 -1 $-1 $721 -1 $646 0 $645 $750 forward @14 tangent_not_g2 #
point $-1 -1 $-1 -6.696393132512790558 68.77253933193779289 11.89873540146719932 #
DXID-attrib $-1 -1 $-1 $-1 $649 @10 ASM ENTITY @2 32 #
face $751 -1 $-1 $752 $753 $4 $-1 $754 forward single #
plane-surface $-1 -1 $-1 18.63424596624999907 68.77253933193779289 35.39441873049050002 0.9744012309850678122 1.747832541912739579e-16 -0.2248160160103919447 -0.2248160160103919447 -6.418476861114147792e-16 -0.9744012309850679232 forward_v I I I I #
coedge $-1 -1 $-1 $692 $691 $675 $731 forward $650 $-1 #
ellipse-curve $-1 -1 $-1 -2.951591202236320655 78.77253933193779289 -35.03324291833259707 2.867068208441409832e-16 -1 5.925602129037930186e-16 2.923203692955203437 4.384513585531375987e-16 -0.6744480480311758619 1 F -1.694423608209953969 F -1.16176592606007012 #
DXID-attrib $-1 -1 $-1 $-1 $654 @10 ASM ENTITY @2 38 #
face $755 -1 $-1 $716 $756 $4 $-1 $757 forward single #
plane-surface $-1 -1 $-1 -2.951591202236320655 78.77253933193779289 -35.03324291833259707 2.867068208441409832e-16 -1 5.925602129037930186e-16 -0.9744012309850679232 -1.461504528510458991e-16 0.2248160160103919447 forward_v I I I I #
face $758 -1 $-1 $759 $760 $4 $-1 $761 reversed single #
loop $-1 -1 $-1 $-1 $723 $575 #
coedge $-1 -1 $-1 $718 $718 $719 $762 forward $659 $-1 #
coedge $-1 -1 $-1 $719 $719 $718 $762 reversed $662 $-1 #
vertex $-1 -1 $-1 $664 $763 #
vertex $-1 -1 $-1 $664 $764 #
ellipse-curve $-1 -1 $-1 -6.471577116502400528 78.77253933193779289 12.87313663245230266 2.867068208441409832e-16 -1 5.925602129037930186e-16 -0.8479746474663514277 -5.571988276227357878e-16 -0.5300367885857706352 1 F -0.7853981633974564946 F 0.7853981633974455034 #
coedge $-1 -1 $-1 $723 $723 $666 $724 reversed $717 $-1 #
edge $-1 -1 $-1 $765 -3.141592653589785566 $765 3.141592653589800666 $723 $766 forward @7 unknown #
loop $-1 -1 $-1 $-1 $669 $714 #
vertex $-1 -1 $-1 $670 $767 #
ellipse-curve $-1 -1 $-1 -2.951591202236320655 73.77253933193779289 -35.03324291833259707 -2.867068208441409832e-16 1 -5.925602129037930186e-16 0.3372240240155879309 9.627715291671224154e-16 1.461601846477601718 1 I I #
DXID-attrib $-1 -1 $-1 $-1 $673 @10 ASM ENTITY @2 46 #
face $768 -1 $-1 $749 $744 $4 $-1 $769 reversed single #
cone-surface $-1 -1 $-1 -1.544729117971539889 68.77253933193779289 15.5452182986311005 -3.330669073875470114e-16 1 -6.661338147750940229e-16 0.3372240240155879309 1.085940576452101772e-15 1.461601846477601718 1 I I 0 1 1.500000000000000222 forward I I I I #
edge $-1 -1 $-1 $770 -0.7853981633974490562 $732 0.7853981633974599363 $711 $771 forward @7 unknown #
vertex $-1 -1 $-1 $731 $772 #
straight-curve $-1 -1 $-1 18.71374543112069944 78.77253933193779289 35.73898660339960287 -2.248160160103919836 -6.418476861114150751e-15 -9.744012309850679898 F 0.971748883875927616 F 2.794257623630426846 #
straight-curve $-1 -1 $-1 -7.89306681035319091 78.77253933193779289 11.16017456527020002 2.248160160103919836 6.418476861114150751e-15 9.744012309850679898 F 0.1988685996664338318 F 2.021377339420934671 #
coedge $-1 -1 $-1 $735 $735 $773 $774 forward $680 $-1 #
coedge $-1 -1 $-1 $736 $736 $681 $737 reversed $775 $-1 #
edge $-1 -1 $-1 $776 -3.141592653589801998 $776 3.141592653589784234 $736 $777 forward @7 unknown #
coedge $-1 -1 $-1 $703 $702 $682 $739 reversed $704 $-1 #
edge $-1 -1 $-1 $770 0.1000000000000031003 $721 1.940000000000019043 $738 $778 forward @7 unknown #
straight-curve $-1 -1 $-1 -7.445978347487471005 68.77253933193779289 13.09795264846270157 -3.330669073875470016e-15 10 -6.661338147750940031e-15 F 0 F 1 #
edge $-1 -1 $-1 $693 0 $770 1 $691 $779 forward @14 tangent_not_g2 #
point $-1 -1 $-1 11.23258951761260072 68.77253933193779289 7.762120706875959897 #
straight-curve $-1 -1 $-1 12.43180676460809941 68.77253933193779289 8.511705921850639456 3.330669073875470016e-15 -10 6.661338147750940031e-15 F -1 F -5.916456789157589416e-31 #
loop $-1 -1 $-1 $780 $697 $729 #
vertex $-1 -1 $-1 $698 $781 #
ellipse-curve $-1 -1 $-1 8.199283191879230159 68.77253933193779289 13.2970581385272002 2.867068208441409832e-16 -1 5.925602129037930186e-16 0.3372240240155879309 9.627715291671224154e-16 1.461601846477601718 1 I I #
loop $-1 -1 $-1 $-1 $782 $673 #
point $-1 -1 $-1 -1.88195314198712027 68.77253933193779289 14.08361645215349967 #
face $783 -1 $-1 $609 $704 $4 $-1 $784 forward single #
straight-curve $-1 -1 $-1 -6.696393132512790558 68.77253933193779289 11.89873540146719932 3.330669073875470016e-15 -10 6.661338147750940031e-15 F -1 F 0 #
DXID-attrib $-1 -1 $-1 $-1 $709 @10 ASM ENTITY @2 33 #
face $785 -1 $-1 $491 $786 $4 $-1 $787 reversed single #
loop $-1 -1 $-1 $788 $789 $709 #
plane-surface $-1 -1 $-1 -1.544729117971539889 73.77253933193779289 15.5452182986311005 -2.867068208441409832e-16 1 -5.925602129037930186e-16 0.9744012309850679232 1.461504528510458991e-16 -0.2248160160103919447 forward_v I I I I #
DXID-attrib $-1 -1 $-1 $-1 $714 @10 ASM ENTITY @2 39 #
loop $-1 -1 $-1 $725 $790 $714 #
plane-surface $-1 -1 $-1 -2.951591202236320655 73.77253933193779289 -35.03324291833259707 -2.867068208441409832e-16 1 -5.925602129037930186e-16 0.9744012309850679232 1.461504528510458991e-16 -0.2248160160103919447 forward_v I I I I #
DXID-attrib $-1 -1 $-1 $-1 $716 @10 ASM ENTITY @2 40 #
face $791 -1 $-1 $792 $793 $4 $-1 $794 forward single #
loop $-1 -1 $-1 $656 $795 $716 #
cone-surface $-1 -1 $-1 -2.951591202236320655 76.27253933193779289 -35.03324291833259707 -2.867068208441409832e-16 1 -5.925602129037930186e-16 2.923203692955203437 4.384513585531375987e-16 -0.6744480480311758619 1 I I 0 1 3.000000000000000444 forward I I I I #
edge $-1 -1 $-1 $796 -3.141592653589818873 $796 3.141592653589767359 $718 $797 forward @7 unknown #
point $-1 -1 $-1 -7.445978347487471005 78.77253933193779289 13.09795264846270157 #
point $-1 -1 $-1 -6.696393132512801216 78.77253933193779289 11.89873540146719932 #
vertex $-1 -1 $-1 $724 $798 #
ellipse-curve $-1 -1 $-1 -12.69560351208710181 73.77253933193769342 -32.7850827582285973 -2.867068208441409832e-16 1 -5.925602129037930186e-16 0.3372240240155879309 9.627715291671224154e-16 1.461601846477601718 1 I I #
point $-1 -1 $-1 -3.288815226251910584 73.77253933193779289 -36.49484476481020323 #
DXID-attrib $-1 -1 $-1 $-1 $729 @10 ASM ENTITY @2 47 #
cone-surface $-1 -1 $-1 8.199283191879230159 68.77253933193779289 13.2970581385272002 -3.330669073875470114e-16 1 -6.661338147750940229e-16 0.3372240240155879309 1.085940576452101772e-15 1.461601846477601718 1 I I 0 1 1.500000000000000222 forward I I I I #
vertex $-1 -1 $-1 $731 $799 #
ellipse-curve $-1 -1 $-1 11.45740553362299963 78.77253933193779289 8.736521937861020604 2.867068208441409832e-16 -1 5.925602129037930186e-16 0.5300367885857661943 -3.505108750538186451e-16 -0.8479746474663543143 1 F -0.7853981633974490562 F 0.7853981633974599363 #
point $-1 -1 $-1 12.43180676460809941 78.77253933193779289 8.511705921850630574 #
coedge $-1 -1 $-1 $773 $773 $735 $774 reversed $800 $-1 #
edge $-1 -1 $-1 $801 -3.14159265358980111 $801 3.141592653589785122 $773 $802 forward @7 unknown #
loop $-1 -1 $-1 $-1 $736 $752 #
vertex $-1 -1 $-1 $737 $803 #
ellipse-curve $-1 -1 $-1 -1.544729117971539889 78.77253933193779289 15.5452182986311005 2.867068208441409832e-16 -1 5.925602129037930186e-16 2.923203692955203437 4.384513585531375987e-16 -0.6744480480311758619 1 I I #
straight-curve $-1 -1 $-1 12.2069907485977005 78.77253933193779289 7.537304690865560985 -9.744012309850679898 -1.461504528510459977e-15 2.248160160103919836 F 0.1000000000000031003 F 1.940000000000019043 #
straight-curve $-1 -1 $-1 11.23258951761260072 68.77253933193779289 7.762120706875959897 -3.330669073875470016e-15 10 -6.661338147750940031e-15 F 0 F 1 #
loop $-1 -1 $-1 $-1 $804 $729 #
point $-1 -1 $-1 7.862059167863639786 68.77253933193779289 11.83545629204959937 #
coedge $-1 -1 $-1 $782 $782 $805 $806 forward $747 $-1 #
DXID-attrib $-1 -1 $-1 $-1 $749 @10 ASM ENTITY @2 48 #
plane-surface $-1 -1 $-1 12.2069907485977005 68.77253933193779289 7.537304690865570755 -0.2248160160103919447 -7.239603843014008196e-16 -0.9744012309850678122 -0.9744012309850679232 -1.461504528510459237e-16 0.2248160160103919447 forward_v I I I I #
DXID-attrib $-1 -1 $-1 $-1 $752 @10 ASM ENTITY @2 34 #
loop $-1 -1 $-1 $775 $807 $752 #
cone-surface $-1 -1 $-1 -1.544729117971539889 76.27253933193779289 15.5452182986311005 -2.867068208441409832e-16 1 -5.925602129037930186e-16 2.923203692955203437 4.384513585531375987e-16 -0.6744480480311758619 1 I I 0 1 3.000000000000000444 forward I I I I #
loop $-1 -1 $-1 $-1 $805 $709 #
coedge $-1 -1 $-1 $789 $789 $807 $808 forward $753 $-1 #
coedge $-1 -1 $-1 $790 $790 $795 $809 forward $756 $-1 #
DXID-attrib $-1 -1 $-1 $-1 $759 @10 ASM ENTITY @2 41 #
face $810 -1 $-1 $547 $811 $4 $-1 $812 reversed single #
loop $-1 -1 $-1 $813 $814 $759 #
plane-surface $-1 -1 $-1 8.199283191879230159 73.77253933193779289 13.2970581385272002 -2.867068208441409832e-16 1 -5.925602129037930186e-16 0.9744012309850679232 1.461504528510458991e-16 -0.2248160160103919447 forward_v I I I I #
coedge $-1 -1 $-1 $795 $795 $790 $809 reversed $760 $-1 #
vertex $-1 -1 $-1 $762 $815 #
ellipse-curve $-1 -1 $-1 -12.69560351208710181 73.77253933193769342 -32.7850827582285973 -2.867068208441409832e-16 1 -5.925602129037930186e-16 2.923203692955203437 4.384513585531375987e-16 -0.6744480480311758619 1 I I #
point $-1 -1 $-1 -13.03282753610270106 73.77253933193769342 -34.24668460470620346 #
point $-1 -1 $-1 11.23258951761260072 78.77253933193779289 7.762120706875950127 #
loop $-1 -1 $-1 $-1 $773 $792 #
vertex $-1 -1 $-1 $774 $816 #
ellipse-curve $-1 -1 $-1 8.199283191879230159 78.77253933193779289 13.2970581385272002 2.867068208441409832e-16 -1 5.925602129037930186e-16 2.923203692955203437 4.384513585531375987e-16 -0.6744480480311758619 1 I I #
point $-1 -1 $-1 -4.467932810926740217 78.77253933193779289 16.21966634666230078 #
coedge $-1 -1 $-1 $804 $804 $817 $818 forward $780 $-1 #
coedge $-1 -1 $-1 $805 $805 $782 $806 reversed $788 $-1 #
edge $-1 -1 $-1 $819 -3.141592653589797557 $819 3.141592653589788675 $805 $820 forward @7 unknown #
coedge $-1 -1 $-1 $807 $807 $789 $808 reversed $786 $-1 #
edge $-1 -1 $-1 $821 -3.141592653589784234 $821 3.141592653589801998 $789 $822 forward @7 unknown #
edge $-1 -1 $-1 $823 -3.141592653589787343 $823 3.141592653589798889 $790 $824 forward @7 unknown #
DXID-attrib $-1 -1 $-1 $-1 $792 @10 ASM ENTITY @2 42 #
loop $-1 -1 $-1 $800 $825 $792 #
cone-surface $-1 -1 $-1 8.199283191879230159 76.27253933193779289 13.2970581385272002 -2.867068208441409832e-16 1 -5.925602129037930186e-16 2.923203692955203437 4.384513585531375987e-16 -0.6744480480311758619 1 I I 0 1 3.000000000000000444 forward I I I I #
loop $-1 -1 $-1 $-1 $817 $759 #
coedge $-1 -1 $-1 $814 $814 $825 $826 forward $793 $-1 #
point $-1 -1 $-1 -15.61880720504229991 73.77253933193769342 -32.11063471019750182 #
point $-1 -1 $-1 5.276079498924019617 78.77253933193779289 13.97150618655840226 #
coedge $-1 -1 $-1 $817 $817 $804 $818 reversed $813 $-1 #
edge $-1 -1 $-1 $827 -3.141592653589790896 $827 3.141592653589795336 $817 $828 forward @7 unknown #
vertex $-1 -1 $-1 $806 $829 #
ellipse-curve $-1 -1 $-1 -1.544729117971539889 73.77253933193779289 15.5452182986311005 -2.867068208441409832e-16 1 -5.925602129037930186e-16 0.3372240240155879309 9.627715291671224154e-16 1.461601846477601718 1 I I #
vertex $-1 -1 $-1 $808 $830 #
ellipse-curve $-1 -1 $-1 -1.544729117971539889 73.77253933193779289 15.5452182986311005 -2.867068208441409832e-16 1 -5.925602129037930186e-16 2.923203692955203437 4.384513585531375987e-16 -0.6744480480311758619 1 I I #
vertex $-1 -1 $-1 $809 $831 #
ellipse-curve $-1 -1 $-1 -2.951591202236320655 73.77253933193779289 -35.03324291833259707 -2.867068208441409832e-16 1 -5.925602129037930186e-16 2.923203692955203437 4.384513585531375987e-16 -0.6744480480311758619 1 I I #
coedge $-1 -1 $-1 $825 $825 $814 $826 reversed $811 $-1 #
edge $-1 -1 $-1 $832 -3.141592653589784234 $832 3.141592653589801998 $814 $833 forward @7 unknown #
vertex $-1 -1 $-1 $818 $834 #
ellipse-curve $-1 -1 $-1 8.199283191879230159 73.77253933193779289 13.2970581385272002 -2.867068208441409832e-16 1 -5.925602129037930186e-16 0.3372240240155879309 9.627715291671224154e-16 1.461601846477601718 1 I I #
point $-1 -1 $-1 -1.88195314198712027 73.77253933193779289 14.08361645215349967 #
point $-1 -1 $-1 -4.467932810926740217 73.77253933193779289 16.21966634666230078 #
point $-1 -1 $-1 -5.87479489519151965 73.77253933193779289 -34.35879487030140922 #
vertex $-1 -1 $-1 $826 $835 #
ellipse-curve $-1 -1 $-1 8.199283191879230159 73.77253933193779289 13.2970581385272002 -2.867068208441409832e-16 1 -5.925602129037930186e-16 2.923203692955203437 4.384513585531375987e-16 -0.6744480480311758619 1 I I #
point $-1 -1 $-1 7.862059167863639786 73.77253933193779289 11.83545629204959937 #
point $-1 -1 $-1 5.276079498924030275 73.77253933193779289 13.97150618655840226 #
End-of-ACIS-data 